policy_id,claim_probability,predicted_severity,pure_premium,technical_premium
AC-105763,0.5580605890675809,10750.400204616806,5999.374670900697,8399.124539260976
AC-106528,0.06652666757658794,8597.373547959316,571.9546120568399,800.7364568795759
AC-106791,0.06701030887324189,6776.961617388344,454.12629120329785,635.7768076846171
AC-104666,0.061141920522353184,5181.908443114289,316.8318341830048,443.56456785620674
AC-109541,0.31119261368223206,7374.572613817722,2294.912526483347,3212.877537076686
AC-105800,0.12503123561501409,6472.9120395401205,809.3161903310022,1133.042666463403
AC-103213,0.09226315873660798,7349.774047811015,678.1133696513895,949.3587175119453
AC-108963,0.04902196514799502,4839.233146960969,237.22871867334288,332.12020614268005
AC-101729,0.06929183002004119,4633.908306406305,321.09198669596265,449.5287813743478
AC-106753,0.07731308987908356,5035.198536626679,389.28675702124843,545.0014598297479
AC-105754,0.04139369546655911,5364.731655610637,222.0660684121562,310.8924957770187
AC-108338,0.0413091283881602,3641.257116331673,150.41715771284706,210.58402079798591
AC-101965,0.05427272853148946,4863.193482947343,263.93877969610986,369.51429157455385
AC-108114,0.08478139024078736,9103.018106422802,771.7665304495848,1080.4731426294188
AC-102467,0.1309030580515191,5198.896195240508,680.55141044939,952.7719746291461
AC-103357,0.04320045880111495,5788.740371478443,250.07623992840533,350.1067358997675
AC-100012,0.12397928224093652,7519.505466649047,932.2628905619472,1305.168046786726
AC-108174,0.13051047753518996,5555.769461777161,725.0861255319626,1015.1205757447477
AC-104717,0.720909811980744,10074.451332729353,7262.770816087074,10167.879142521904
AC-109071,0.048377186434465036,4080.300177063548,197.39344237438394,276.35081932413755
AC-100404,0.09833294495861772,6148.8723858707735,604.6367298773952,846.4914218283533
AC-100140,0.07623195306154587,6634.584085834374,505.76730261420516,708.0742236598873
AC-103311,0.055840058759578905,6446.54665507042,359.97554401549905,503.96576162169873
AC-104619,0.3348359256366884,9381.408793898523,3141.2326972811807,4397.7257761936535
AC-104043,0.05275167732557921,3860.03268813277,203.62319883056801,285.07247836279527
AC-109291,0.11981064344210512,7254.618742604807,869.1805394786376,1216.8527552700928
AC-108405,0.10446266063829622,8112.845970111328,847.4894753865087,1186.4852655411123
AC-106165,0.1961333291824751,7412.390465070622,1453.816819114736,2035.3435467606307
AC-103695,0.0582822184018391,5886.032802907888,343.0510493394667,480.27146907525344
AC-100873,0.04112228229179236,5675.645385178803,233.3954917174313,326.7536884044039
AC-101277,0.06497641912303288,5771.326851191855,375.0001523790556,525.0002133306779
AC-109176,0.16279546035959352,6189.119661328927,1007.5605844866542,1410.584818281316
AC-101889,0.07540813138907332,4395.959113089211,331.49106238082544,464.08748733315565
AC-100091,0.03718141810810883,3698.4741224678246,137.51451270949707,192.5203177932959
AC-104516,0.11606600417233598,5984.684417952904,694.618406624236,972.4657692739304
AC-108373,0.30144747092286683,8328.129674518232,2510.493627901199,3514.691079061679
AC-101142,0.025269689416351496,3967.7665450518944,100.2642282700514,140.36991957807197
AC-109587,0.11543317285703593,4122.123677045445,475.82981495046744,666.1617409306544
AC-100563,0.5996749423272373,10033.493319659678,6016.834527807638,8423.568338930694
AC-102872,0.09502964191450468,8268.733899683315,785.7748215732313,1100.084750202524
AC-109437,0.05882822261449419,6211.823900530139,365.43055926242266,511.60278296739176
AC-104868,0.08753735631331167,10589.758045475297,926.99942329853,1297.7991926179423
AC-102531,0.05664424919691651,6139.542937920673,347.7698001307475,486.87772018304656
AC-102897,0.13657811668661932,5033.315252212789,687.4407178372591,962.4170049721628
AC-107828,0.1020589241452832,9459.341827012147,965.4102499873374,1351.5743499822725
AC-106248,0.02907697883640313,3898.5255333677424,113.35734442691107,158.7002821976755
AC-103180,0.08682284068752232,6374.2303619635295,553.4287872223272,774.8003021112581
AC-100338,0.3946190030755547,10675.501644823924,4212.755816411861,5897.858142976605
AC-100506,0.13811791108421562,10146.200264022882,1401.3719859089574,1961.9207802725405
AC-105706,0.1195642900899546,5717.136806980715,683.565403673799,956.9915651433187
AC-108896,0.11161889408826886,5290.226592022729,590.4892416779285,826.6849383491
AC-102412,0.327332106881814,17072.80478207634,5588.477159698958,7823.868023578541
AC-104203,0.27024306971941225,5760.761499940288,1556.805871665269,2179.528220331377
AC-108044,0.07512350081384918,6605.057878458892,496.1950709079275,694.6730992710986
AC-101960,0.061083386260028315,6110.5499909069285,373.2530853557804,522.5543194980926
AC-106562,0.3771734097525026,7322.297995189379,2761.776102069492,3866.4865428972894
AC-106045,0.058686428427536595,5071.058454912849,297.60230906609723,416.6432326925362
AC-106252,0.15239770143034784,4363.894841820223,665.0475431771533,931.0665604480148
AC-106241,0.5412706998018717,11997.544275561466,6493.919185937095,9091.486860311934
AC-104690,0.29267930876302395,8815.921485960635,2580.2378066200495,3612.3329292680696
AC-107109,0.052393172617179025,6004.5451682403855,314.5971714872668,440.4360400821736
AC-104902,0.10234084608115367,8846.588132637402,905.367314425605,1267.5142401958472
AC-103701,0.2594573949986548,7000.337958131319,1816.289450726954,2542.805231017736
AC-105659,0.04763728396971193,4940.56259100196,235.3549831176961,329.4969763647746
AC-106560,0.10373881353890885,4115.93613301956,426.98233104137364,597.7752634579232
AC-102426,0.1412309112092553,8859.860764048826,1251.2862088937445,1751.8006924512424
AC-103283,0.4509526767657588,9220.636634680612,4158.07077189364,5821.299080651097
AC-103963,0.04877700736620721,5832.492974560085,284.49155278346905,398.2881738968567
AC-102937,0.10168215623986479,6653.384102064505,676.5304417899555,947.1426185059378
AC-109122,0.11783771289815599,6259.728060652066,737.632038031649,1032.6848532443087
AC-108967,0.0397325611778611,5335.311380926895,211.98558584561647,296.7798201838631
AC-103217,0.12328519717721298,6416.306967152973,791.0356695949797,1107.4499374329716
AC-106362,0.10896198059822215,8772.29345470857,955.8464692138664,1338.185056899413
AC-105349,0.6010166776213154,8114.300848475624,4876.83013717064,6827.562192038897
AC-101452,0.49404041732799625,8866.40331674427,4380.361594802669,6132.506232723737
AC-106898,0.0721448451944069,6122.267776440678,441.6900609700185,618.366085358026
AC-108743,0.08692609930756784,7323.290244239299,636.5850550288881,891.2190770404434
AC-104756,0.054641464349650545,4501.771949157925,245.98341147016959,344.37677605823745
AC-109155,0.11212152068562797,8969.729187609684,1005.6996766530602,1407.9795473142844
AC-104178,0.044352733139040514,4352.587120271179,193.04913500981243,270.26878901373743
AC-105676,0.040942192728215365,4036.1852362978184,165.25027383128275,231.35038336379588
AC-105639,0.03184888297663238,4274.051126983712,136.12375417944799,190.5732558512272
AC-107647,0.10145728442864409,6925.90982889274,702.6840034371124,983.7576048119575
AC-108018,0.11134445042728179,8609.302919726517,958.5981021589415,1342.0373430225181
AC-102661,0.060674871952419655,5761.881234705439,349.60140612080215,489.44196856912305
AC-102289,0.08704183159183582,6208.442550030677,540.3942108873579,756.551895242301
AC-101487,0.049188811014504424,4910.482501998712,241.54079578084549,338.15711409318374
AC-101556,0.10378239543764466,7131.940187471558,740.1698367738028,1036.237771483324
AC-104037,0.0811575185513172,7003.27787185245,568.3686538048944,795.7161153268522
AC-100615,0.20920412496503293,6921.508641240968,1448.008158728731,2027.2114222202235
AC-100930,0.17225076293474498,9291.891799380752,1600.5354515504348,2240.749632170609
AC-106785,0.05152655757199132,5542.563032936646,285.5891932130009,399.8248704982013
AC-103746,0.15252989430743968,10015.615947005308,1527.6808418206272,2138.753178548878
AC-107366,0.04312510685842263,5147.919895618652,222.00459559715424,310.80643383601597
AC-109049,0.27626620139107666,5913.921658923987,1633.8166720353443,2287.343340849482
AC-103108,0.04452000305094543,5840.293897222291,260.0099021227544,364.0138629718562
AC-106686,0.09590205106696141,4924.20559527673,472.241416462446,661.1379830474244
AC-100224,0.15513868710798656,3415.637614081999,529.8975350853369,741.8565491194718
AC-104149,0.1628527499123741,5393.491115907329,878.3448598534678,1229.682803794855
AC-109316,0.10951883703020547,5200.738862463141,569.578871914757,797.4104206806599
AC-102114,0.36611217470471374,7060.356856791769,2584.8826030313717,3618.835644243921
AC-102586,0.07481873437690852,4325.9537870795975,323.6623873222899,453.12734225120585
AC-108196,0.029815341227408587,5105.466482156597,152.22122529059627,213.1097154068348
AC-101299,0.3314894908361952,5965.042233198811,1977.3488126994748,2768.288337779265
AC-105238,0.11059198835210327,9513.258154008561,1052.090134958666,1472.9261889421327
AC-102062,0.09450367817544414,3950.5175376874936,373.33843800806693,522.6738132112938
AC-106196,0.11764983285254296,10069.46438761553,1184.670802117601,1658.5391229646414
AC-106808,0.05083685256035102,5690.210330007913,289.2723835839986,404.98133701759804
AC-104960,0.11431772306284844,6201.715445366794,708.9659887980309,992.5523843172434
AC-109455,0.5967508181187156,10339.901379702778,6170.344607604468,8638.482450646257
AC-100781,0.06493121154059081,5484.61744318135,356.1228554224225,498.57199759139155
AC-103023,0.1503231303579879,6500.298952860055,977.1452868566741,1368.003401599344
AC-101270,0.05877069612815435,6252.347077972667,367.4547902072854,514.4367062901996
AC-109835,0.07903443218634693,3528.759683453355,278.89351790380925,390.45092506533297
AC-102102,0.0339084668778808,4332.477442255763,146.90766784989526,205.67073498985337
AC-109225,0.32654524837169674,8384.872380491843,2738.040234052689,3833.2563276737646
AC-103446,0.4219944496036054,8396.554439860918,3543.299369415817,4960.619117182145
AC-103182,0.0503713417177437,5630.990351322994,283.6405391958082,397.0967548741315
AC-102335,0.14802896760865103,4023.1206949788084,595.5384030427116,833.7537642597963
AC-101401,0.30654739067008435,7457.135075787254,2285.9652993569443,3200.3514190997225
AC-105369,0.14612655116645212,6377.502694281384,931.9224737700949,1304.6914632781331
AC-105655,0.062482119255794784,6151.321562250565,384.34760743328167,538.0866504065943
AC-108721,0.04829964897162582,3737.5202109460492,180.52091421305107,252.72927989827153
AC-103688,0.07210639487291523,5389.020350580276,388.58282937711743,544.0159611279645
AC-103303,0.14878911303822392,5643.734551577094,839.7262581523343,1175.616761413268
AC-106137,0.09201398934745508,5652.259806015162,520.0869735797277,728.1217630116188
AC-105372,0.09737953969443733,7462.677550246145,726.7121047309809,1017.3969466233733
AC-103232,0.07733197439331482,4374.373265847151,338.2789213812928,473.5904899338099
AC-103352,0.07892338709425982,5161.055251652081,407.32796144099973,570.2591460173996
AC-109174,0.06071044610809654,6141.852337080137,372.8745953141904,522.0244334398666
AC-105603,0.1308993654989549,6570.520777069305,860.0770007160721,1204.107801002501
AC-100985,0.1959991630595569,5892.766715925812,1154.9773444266727,1616.968282197342
AC-104223,0.06822453636281565,5071.417546050065,345.995110781514,484.3931550941196
AC-100247,0.041705521469213226,6116.867974415875,255.1071686313441,357.1500360838818
AC-109346,0.04557674308345971,4281.069183715482,195.11719030871708,273.1640664322039
AC-105242,0.09021097143465263,6678.101871249932,602.4380571450279,843.4132800030391
AC-102993,0.06807239377407366,4610.40962696881,313.8416195868009,439.3782674215213
AC-102742,0.6362529938169055,12853.47240548621,8178.060298933583,11449.284418507017
AC-109396,0.08674013991685836,6080.258986196958,527.4025151934595,738.3635212708434
AC-104413,0.046081386402926826,5197.891660811626,239.5260541024116,335.33647574337624
AC-108902,0.043635315242822076,5877.8307068315535,256.48099583653453,359.0733941711484
AC-109954,0.045393357955294554,4323.633194041572,196.2642292445226,274.7699209423317
AC-105798,0.06503852001083739,6729.596393115086,437.68298967847466,612.7561855498645
AC-102317,0.08785136755621067,6864.435165567781,603.050016796073,844.2700235145023
AC-102565,0.06824804313668217,5684.8082164498655,387.97703638003566,543.16785093205
AC-101024,0.2256626021755808,10635.124113160544,2399.949781836074,3359.929694570504
AC-108422,0.11159227155214291,10053.938757316513,1121.9418639750786,1570.7186095651102
AC-103988,0.08457153834857983,5519.326034426207,466.777893378791,653.4890507303074
AC-100160,0.05082488857085262,3902.102063371738,198.32390256296267,277.65346358814776
AC-107477,0.09807920131967102,8779.388257245442,861.0753883459314,1205.505543684304
AC-108286,0.1630588542282882,5462.933834021866,890.779731700555,1247.0916243807771
AC-104417,0.1319351589838595,9054.895768617755,1194.65911281486,1672.5227579408042
AC-107098,0.040765646890171155,5098.829156319821,207.85706893984312,290.9998965157804
AC-101410,0.0757254211238724,3724.619152068607,282.0483538164358,394.86769534301015
AC-108567,0.1986944556818471,9966.769315029263,1980.3418039562755,2772.478525538786
AC-100729,0.09415356741290544,4928.642126156954,464.04923867920434,649.6689341508861
AC-109804,0.15652067873529346,8532.769357712667,1335.5548513609006,1869.776791905261
AC-108201,0.12609094002289672,8090.840304484536,1020.1816595675951,1428.2543233946333
AC-105007,0.17365241668165793,8180.462800100975,1420.5571348119367,1988.7799887367116
AC-106581,0.18453658189982863,7012.047006842322,1293.9791867636063,1811.570861469049
AC-106576,0.04728872114204762,5312.489707064578,251.22084432737512,351.7091820583252
AC-109951,0.18876570672841822,5025.405301328716,948.6241833020546,1328.0738566228765
AC-106638,0.19937134247758143,10031.670406470852,2000.0275962307187,2800.0386347230065
AC-102983,0.4930694721414326,11054.365664720652,5450.5702431621885,7630.798340427064
AC-109781,0.6455482822114387,10476.10515044572,6762.8316841366395,9467.964357791296
AC-105328,0.05404982949193151,4320.6454439155505,233.53014953872622,326.94220935421674
AC-108905,0.19456906930118703,9018.10425672335,1754.6441520917354,2456.50181292843
AC-104979,0.026007493848349602,4025.7094850838726,104.69861466856146,146.57806053598605
AC-102325,0.03352855483205246,5676.81085406429,190.33526399168508,266.46936958835914
AC-105032,0.09530484205730363,5779.003043324878,550.7669722927545,771.0737612098565
AC-103216,0.11025796499664152,6684.518500611052,737.0214068597761,1031.8299696036865
AC-102745,0.04640739632357383,5884.550748000087,273.0866787486229,382.32135024807206
AC-101378,0.12922641464783446,4953.100419238424,640.0714085688674,896.0999719964144
AC-108581,0.06081538341327599,4539.05687223735,276.04448401977976,386.4622776276917
AC-104406,0.1347417447025,7020.9459126953,946.0145017384509,1324.4203024338315
AC-109793,0.05942477148167158,5700.496191364721,338.7506835039877,474.2509569055828
AC-109193,0.04282305788826788,5046.700382151244,216.11514260960638,302.56119965344897
AC-104514,0.08729656321065776,6024.436138666997,525.9125701877144,736.2775982628003
AC-109526,0.03910669435877421,5961.889671245198,233.14979717411882,326.40971604376637
AC-103506,0.3717274763182973,23258.216405763887,8645.718088179428,12104.005323451202
AC-108323,0.07252336275985771,6905.66169332043,500.8218080815308,701.1505313141431
AC-102515,0.1441283599818707,7115.498916933474,1025.545189350399,1435.7632650905587
AC-104105,0.4785742753682383,6998.938375174371,3349.5118612460296,4689.316605744442
AC-108260,0.17577767563086744,5364.18171685083,942.9033938496348,1320.0647513894887
AC-103886,0.04732847320096881,5444.483689224281,257.6791003785632,360.7507405299885
AC-109493,0.2607827333794803,7241.1377998285925,1888.3637082167766,2643.7091915034875
AC-101720,0.10813254533711371,7352.631651708242,795.0587754254387,1113.0822855956144
AC-109457,0.053025309563741664,5561.57215136036,294.9040849869678,412.865718981755
AC-107434,0.17757607271309667,6582.712880785744,1168.9323011678473,1636.5052216349864
AC-108155,0.04763685400477728,6012.5619979241565,286.419538089785,400.9873533256991
AC-104659,0.17982671361387104,10460.82624405832,1881.1360051547417,2633.5904072166386
AC-108666,0.37099379643878483,8388.535640772496,3112.094683932243,4356.932557505141
AC-104718,0.049884595595730954,5848.802852615555,291.76516502188457,408.4712310306384
AC-106678,0.04575950615612093,5589.9380809785835,255.79280602887428,358.109928440424
AC-105658,0.07473436778989279,3985.4361266978567,297.8490492957634,416.98866901406876
AC-103860,0.2010640246169411,7528.597279159631,1513.7300686679878,2119.222096135183
AC-104513,0.18543627226260093,7719.67557239897,1431.5078612223251,2004.1110057112553
AC-104832,0.14128886813239494,9622.474177210628,1359.5484851312879,1903.367879183803
AC-105209,0.30615287693825993,9704.615843568916,2971.0960600892417,4159.534484124939
AC-105953,0.21394405063488026,6607.835315456472,1413.7070533169694,1979.1898746437573
AC-108587,0.11660241458834479,8576.122041648758,999.9965378605705,1399.9951530047988
AC-108943,0.22475389425107448,9594.570239564291,2156.417025007539,3018.9838350105547
AC-109126,0.062039563493584055,8098.604650792361,502.4338974422678,703.407456419175
AC-107083,0.45251654518638385,7272.120118538595,3290.754672221481,4607.056541110074
AC-102580,0.11065315160068223,6554.259218232057,725.2494389052008,1015.3492144672812
AC-103480,0.624809742205299,9298.630049321087,5809.874643978755,8133.824501570257
AC-108492,0.0894670575217186,5512.76343532237,493.21072337161354,690.4950127202591
AC-107926,0.061468731535188975,6462.663944716399,397.2517550199177,556.1524570278848
AC-109656,0.05913073870129206,6623.147733198145,391.6316179917943,548.2842651885121
AC-102305,0.06363363609795358,5444.819686734917,346.4736745646633,485.0631443905287
AC-104421,0.05585650594805917,6040.2492741075575,337.38721950694884,472.3421073097284
AC-103368,0.11128612155550577,5463.429095124159,608.0038343898741,851.2053681458239
AC-105635,0.15416320123545324,4934.60151117032,760.7339657833217,1065.0275520966504
AC-104343,0.12870207408361473,9654.777365202759,1242.5898717171322,1739.6258204039852
AC-108877,0.5689073479049708,12425.279583779497,7068.832854985772,9896.365996980083
AC-103137,0.08672371094847722,5672.377709804674,491.9296448956858,688.7015028539602
AC-103804,0.11174962386670137,9409.932790354203,1051.556449933022,1472.1790299062309
AC-105761,0.07590492409146637,6415.288345208016,486.9519748678834,681.7327648150368
AC-104382,0.07065791391499285,7542.967523569258,532.9703499439435,746.1584899215209
AC-101175,0.09825228822092484,11801.703973501402,1159.5444203024938,1623.3621884234915
AC-100677,0.08289928670378086,5720.316845552472,474.2101862159217,663.8942607022905
AC-109858,0.33992608218661,7359.99580889134,2501.854540226303,3502.5963563168248
AC-106028,0.047465127937641675,7172.2452402269255,340.4315379275126,476.60415309851766
AC-102977,0.17805857512213927,6477.97359733217,1153.458748419805,1614.8422477877273
AC-102485,0.33877608500181444,9420.419222811726,3191.412743379992,4467.977840731989
AC-106084,0.10827950131252324,6149.9910351517365,665.9179623627186,932.2851473078061
AC-107243,0.07485859580872942,3513.767483956269,263.0356998473385,368.2499797862739
AC-109420,0.04651550086518142,5754.0479948161865,267.6524244811677,374.71339427363483
AC-108147,0.08288814814999707,9516.547835615565,788.8090268750369,1104.3326376250518
AC-100221,0.4567573910559477,8456.258086573875,3862.4583817192433,5407.441734406942
AC-109982,0.5907787795131848,10561.376774462728,6239.437280795986,8735.212193114381
AC-103423,0.18476996130330078,7153.304661809181,1321.7158255532036,1850.4021557744852
AC-105703,0.08037109622615293,4991.9823927227,401.21109724477725,561.6955361426882
AC-101026,0.04480528894366846,3552.0277786117736,159.14963095663734,222.80948333929229
AC-105591,0.04319585475157421,4579.289909533184,197.80634179754483,276.9288785165628
AC-109197,0.08380665562867488,5674.229362762255,475.5381861631316,665.7534606283843
AC-108263,0.11139226694926264,5644.93971034312,628.8026311270341,880.3236835778479
AC-109273,0.06814261716791885,5071.870572459407,345.6105347443348,483.8547486420688
AC-107223,0.04036386131474485,5874.013161125812,237.09785259666828,331.9369936353356
AC-107831,0.0558025081029899,4609.514571537009,257.222474229044,360.1114639206616
AC-108315,0.38230371405867897,9012.686508550507,3445.5835258654065,4823.81693621157
AC-102416,0.15548653509726668,4450.055890000297,691.9237713253294,968.6932798554612
AC-109008,0.09044742680797102,4769.828365871665,431.4187020087614,603.986182812266
AC-106035,0.11203484356221949,5682.059175844839,636.5886108770503,891.2240552278705
AC-106949,0.04329113195562155,5267.6277327635535,228.04156727215857,319.258194181022
AC-105210,0.03308276008076059,3956.51288423717,130.89236650565638,183.24931310791897
AC-101798,0.2808067250454681,11504.290906884798,3230.4822535326784,4522.67515494575
AC-104596,0.10737830585682978,9050.084058338703,971.7826940463126,1360.4957716648378
AC-107323,0.09827502520242383,4931.936119369787,484.6861464278102,678.5606049989343
AC-100405,0.37933800139749324,9395.198622737056,3563.955868281556,4989.538215594179
AC-109208,0.0921455183765496,7253.147943551798,668.3450771203852,935.6831079685394
AC-102135,0.12845363812387414,7754.712666190438,996.1210545774497,1394.5694764084299
AC-103473,0.057157281822460285,5577.803590226524,318.8120917569082,446.3369284596715
AC-106499,0.10233301443295703,5708.069200201643,584.1239278485523,817.7734989879733
AC-100120,0.13228098513776507,4681.111997289322,619.2221065416426,866.9109491582997
AC-104022,0.22054752959071572,6718.043826822003,1481.647969687751,2074.3071575628514
AC-105803,0.06620887498626661,5692.333435164585,376.8829927889576,527.6361899045407
AC-102814,0.46278782785922046,8514.3174786857,3940.3224916647496,5516.45148833065
AC-105453,0.04773931110438011,6165.886143883079,294.3551568570209,412.0972195998293
AC-106519,0.058974343815077955,4750.775820246575,280.1738866115805,392.2434412562127
AC-107681,0.35328305449433045,18588.843836736643,6567.12353016043,9193.972942224604
AC-106933,0.06193413788111922,4160.221102881187,257.6597074017853,360.7235903624994
AC-103639,0.1740713313176611,6310.037285322982,1098.3965909202516,1537.7552272883524
AC-105347,0.14481461748270102,4283.411126819704,620.3005438515407,868.4207613921571
AC-100716,0.20672164837688878,6441.502910003874,1331.5980995805267,1864.2373394127376
AC-106275,0.07719922556285182,7775.029698061982,600.2262714185587,840.3167799859822
AC-103721,0.37092191569372696,7991.981146350685,2964.4009569925443,4150.161339789563
AC-102261,0.21351359735969117,5722.131133365021,1221.7528028486524,1710.4539239881135
AC-108987,0.037178622757754534,4735.87899585001,176.07345861308087,246.50284205831323
AC-104183,0.04740932357687932,4640.907665929842,220.0222932244876,308.0312105142827
AC-109651,0.05784120140595347,6501.465974421782,376.05260286048383,526.4736440046775
AC-103604,0.3687936462015465,11281.7524135937,4160.638608152318,5824.8940514132455
AC-104396,0.04967179963774806,4757.870383586919,236.33198439590495,330.86477815426696
AC-102333,0.07418188343343839,4423.518815593958,328.1449571440124,459.40294000161737
AC-100152,0.5572448850576528,17210.10347348958,9590.242131915013,13426.338984681019
AC-105448,0.11963404305225928,9798.571224076,1172.242691671737,1641.139768340432
AC-104036,0.14754138040121023,4841.609789705664,714.3377917371869,1000.0729084320617
AC-109874,0.06511160366290673,4288.217200795933,279.21269879868413,390.8977783181578
AC-102770,0.04373695300043536,4729.098786594277,206.8363713636898,289.57091990916575
AC-103627,0.07003807286975813,4577.441483887993,320.595180205601,448.8332522878415
AC-100687,0.08664909686577461,5387.124592390006,466.7894806339982,653.5052728875976
AC-106244,0.4960015187715423,10829.387441687571,5371.392618442503,7519.949665819505
AC-109910,0.20080410409576363,6599.529425646828,1325.2125937706408,1855.2976312788971
AC-100387,0.10757558985029882,5373.938808564848,578.1046371507756,809.346492011086
AC-105120,0.12337430875462248,7941.267475037872,979.7483853683636,1371.6477395157092
AC-107116,0.0373090957225451,5364.632885612746,200.14960184563927,280.209442583895
AC-101445,0.08688143722883515,6950.658861878659,603.8832316073575,845.4365242503006
AC-102236,0.30214609910711543,8575.12936943852,2590.9418883147073,3627.3186436405904
AC-104851,0.03640243723554507,5675.078338167015,206.5866830119262,289.2213562166967
AC-108606,0.09419691883325358,3819.508315083623,359.78591473886917,503.70028063441686
AC-109299,0.048639639308203114,5096.826508486611,247.90780298927697,347.0709241849878
AC-102707,0.06526818736504297,6921.054525636419,451.7246835429164,632.414556960083
AC-109780,0.6832333619470979,17478.729111603065,11942.050853483175,16718.871194876447
AC-103468,0.03165540853244124,4816.037232601142,152.45362610543688,213.43507654761166
AC-109523,0.05439225227102701,5885.0172586206645,320.099343350243,448.1390806903402
AC-103728,0.1648912972158706,10100.458567488715,1665.477715668368,2331.6688019357157
AC-104958,0.36225905687783677,19305.473995672248,6993.582802251832,9791.015923152565
AC-109412,0.07476643650723037,7720.417985679141,577.2281411355589,808.1193975897825
AC-101801,0.23249085838247793,6968.053927455904,1620.0088388496197,2268.012374389468
AC-107826,0.048330422831158,5059.548965523976,244.53014083872182,342.3421971742106
AC-103550,0.108994579813156,4068.4673307470057,443.44088719832223,620.8172420776511
AC-108300,0.3439368555810091,6906.216225901433,2375.302292699083,3325.4232097787162
AC-104921,0.2596577963618911,7270.538505207656,1887.852006626498,2642.9928092770974
AC-108544,0.6340926297903957,10307.605145202378,6535.97645336239,9150.367034707348
AC-100633,0.0566567262993593,7471.705906539558,423.322396536118,592.6513551505652
AC-103256,0.05038736905883026,6529.545420925054,329.00661491054586,460.60926087476423
AC-103875,0.10776655289250327,5680.029491626727,612.1171986403701,856.9640780965183
AC-104744,0.07868297733839896,4765.705217097195,374.97987559834826,524.9718258376876
AC-102239,0.5891920779871022,10439.837466795814,6151.069530909031,8611.497343272644
AC-101708,0.0891001393523279,4718.958218564419,420.4598348719028,588.6437688206639
AC-109419,0.04008930586195554,5180.585558285395,207.6860789901329,290.76051058618606
AC-105179,0.07996131821793756,6541.79972548061,523.0909295671715,732.3273013940402
AC-107051,0.09804457154921911,5241.378700593633,513.8887290269055,719.4442206376677
AC-102891,0.23794980425241669,6262.128537088051,1490.0722596035744,2086.101163445004
AC-100155,0.049685573446712455,4692.527128615394,233.15090129951085,326.4112618193152
AC-102886,0.05178892928441401,5332.1934767100765,276.14859089615186,386.60802725461264
AC-106624,0.13223870402244933,9233.486943342541,1221.0243469958248,1709.434085794155
AC-108508,0.18988428418719114,6715.060489484998,1275.084454319548,1785.1182360473674
AC-103305,0.17803545276980207,6410.020642541456,1141.2109273586457,1597.695298302104
AC-109187,0.0664139732553057,5652.571341519187,375.4097218993627,525.5736106591078
AC-105722,0.1683413066369231,5441.5947236149805,916.0451659619322,1282.4632323467051
AC-100989,0.4835039122181131,9670.693148901622,4675.817971354838,6546.145159896773
AC-103916,0.035306864200748356,6228.013213070917,219.8916167543613,307.8482634561059
AC-101917,0.10441432413289267,5672.594646763702,592.300136121697,829.220190570376
AC-109069,0.11095782946939942,5371.194583681815,595.9760926631286,834.3665297283801
AC-103156,0.07502565978096458,5762.96247247892,432.3700617906699,605.3180865069379
AC-109129,0.057632711967975245,4125.052488856843,237.73796194306587,332.83314672029223
AC-100741,0.21854690986625724,17417.996431481497,3806.649296161777,5329.3090146264885
AC-104296,0.17917543778699915,6464.129760390903,1158.21327973001,1621.4985916220141
AC-102936,0.20147854218140698,7393.181201180182,1489.5673704967664,2085.3943186954734
AC-107467,0.1293603264223652,5589.807629346698,723.0993395705162,1012.3390753987228
AC-109144,0.024757562485083488,3829.5368631535453,94.8099981784545,132.73399744983632
AC-109219,0.0842923844247463,6885.912927293945,580.4300195827914,812.602027415908
AC-103957,0.13646408601623905,6789.363784251465,926.5043234496302,1297.1060528294825
AC-103736,0.04161174672869541,4623.663570615502,192.39871745914775,269.3582044428069
AC-109766,0.4379294027888101,12517.727619278006,5481.880980583411,7674.633372816776
AC-102278,0.045887765934553786,4650.633880342142,213.40719894844585,298.77007852782424
AC-108208,0.11994439722934665,4863.105169059893,583.3022181658089,816.6231054321325
AC-104414,0.32492330763215244,10661.115056096509,3464.044767073818,4849.662673903345
AC-109520,0.11703304859085258,9345.925781635544,1093.7821861286545,1531.2950605801166
AC-102060,0.1140984994033865,7189.993707931135,820.3674927947333,1148.5144899126267
AC-109107,0.06322705258587598,6962.441775770429,440.2146722827366,616.3005411958313
AC-103379,0.08439284764574316,4362.539023643894,368.1670911709883,515.4339276393837
AC-109713,0.049110919318467866,5522.498896942165,271.21499776405443,379.70099686967626
AC-109109,0.15878606014448954,6847.51296125115,1087.2896049053968,1522.2054468675556
AC-105927,0.4501003170609903,12148.176036017854,5467.89788552436,7655.057039734105
AC-104479,0.06491321393383909,5448.882174281094,353.7044542793909,495.1862359911473
AC-107340,0.47291761468500076,15552.012179362671,7354.820503416275,10296.748704782785
AC-106131,0.09886109187772192,6240.957906756154,616.9879130248153,863.7830782347414
AC-105155,0.6177061101125659,8825.372094525801,5451.486266805521,7632.08077352773
AC-104822,0.0755567578337987,7023.749616467951,530.6917488567054,742.9684483993876
AC-103148,0.16384412050665165,5358.647152623153,877.9828298270136,1229.175961757819
AC-109158,0.06260712998402812,6424.509198388697,402.22008246710544,563.1081154539477
AC-108389,0.058284023568026505,7072.844496770381,412.23383534275143,577.1273694798521
AC-104089,0.10603616650801014,3437.097832158537,364.4566780350833,510.2393492491167
AC-102020,0.14339747474425485,6885.22756865355,987.3242463844447,1382.2539449382227
AC-106418,0.16639144489118146,9444.17768601409,1571.4303709849391,2200.002519378915
AC-108149,0.057851793223125884,7593.124284383733,439.2758560176634,614.9861984247289
AC-102095,0.04390506886847868,5715.433982536521,250.93652261650936,351.31113166311314
AC-107517,0.18233745135060073,5138.204551598359,936.8871224565011,1311.6419714391016
AC-102953,0.050230007363113144,4343.289462874102,218.1634617002979,305.4288463804171
AC-101595,0.0593472613749207,4642.439692550589,275.51608185110626,385.7225145915488
AC-105427,0.050000850981020625,5655.074074103186,282.7585160658666,395.8619224922133
AC-102778,0.41367760904214934,9951.693296320942,4116.792688742833,5763.509764239967
AC-108758,0.05157538240583105,5839.785192856345,301.1891544894758,421.66481628526617
AC-100346,0.036262114686052824,4313.351312887162,156.41123998915077,218.9757359848111
AC-102431,0.1675397273197221,7362.831022999578,1233.5667018945398,1726.9933826523559
AC-100590,0.06808405376407829,6261.73498866229,426.3243016244935,596.854022274291
AC-105979,0.08893396198326783,5501.444879395447,489.26528975719816,684.9714056600775
AC-101987,0.1997837359072198,6178.334622712703,1234.3307726104672,1728.0630816546543
AC-104084,0.19434242356546746,7694.591473266503,1495.3855552607931,2093.5397773651107
AC-105836,0.05753308948265338,5457.839848513323,314.0063883865084,439.6089437411118
AC-103098,0.3865571563797279,18738.32163952956,7243.432328305267,10140.805259627376
AC-101207,0.054173520063041346,5365.411163510252,290.6632093128886,406.9284930380441
AC-107022,0.4420860276715826,22160.162511894163,9796.698217440011,13715.377504416017
AC-108720,0.05810711796343142,6486.441770487611,376.9084371206526,527.6718119689136
AC-100285,0.14750784611826626,4190.696003763276,618.1605412515466,865.4247577521654
AC-100066,0.3347461516747678,10251.461353267296,3431.6372370488343,4804.292131868368
AC-102170,0.11686494977287548,7126.831097478795,832.8767582466264,1166.027461545277
AC-100319,0.1395358374051784,5380.282297891695,750.7421959125751,1051.0390742776053
AC-101210,0.05198946563820969,5711.9302298540015,296.9602004128458,415.7442805779841
AC-100439,0.06331694977706144,5879.510907146353,372.27269682147056,521.1817755500589
AC-106648,0.16972180762817718,6263.711995550307,1063.088522347095,1488.3239312859332
AC-107204,0.041503940987958,4186.061641300859,173.7380553325055,243.2332774655077
AC-102822,0.2583806048493858,9298.468428441263,2402.5438967135715,3363.5614553990004
AC-106746,0.18201285484517143,7245.454671032735,1318.7658893259506,1846.272245056331
AC-107318,0.06843565633552573,4017.757651408931,274.9578818712506,384.9410346197509
AC-109282,0.049475479631999796,4513.980631130676,223.33135677474732,312.66389948464627
AC-102898,0.13890675164956162,6493.962305157395,902.0552091441131,1262.8772928017584
AC-108475,0.1579897757878818,5105.422183935032,806.6045061423735,1129.246308599323
AC-109827,0.029405008244184197,3924.604035066723,115.40301400629556,161.5642196088138
AC-104853,0.09040923361208772,7172.521683928771,648.4621885100811,907.8470639141136
AC-109533,0.09955276372439315,9090.48731520106,904.9831358298042,1266.976390161726
AC-103191,0.16265287319752292,5586.13454851791,908.6008343843855,1272.04116813814
AC-108585,0.5606476217210482,10013.957186750284,5614.301280767945,7860.021793075124
AC-103563,0.07784498832115068,5708.948648270286,444.4130408506494,622.1782571909092
AC-101581,0.10532871920256598,7971.384005047669,839.6156675234918,1175.4619345328886
AC-108553,0.05077787143522931,5152.3751347400075,261.6266421779004,366.2772990490606
AC-101888,0.1690532293371726,7345.977205984395,1241.8611693089224,1738.6056370324916
AC-105861,0.06178213057898476,6118.727624143381,378.02802905206755,529.2392406728947
AC-108679,0.04567384788665792,5737.953232307423,262.07440311316634,366.9041643584329
AC-101021,0.1838454085819582,5351.842567372882,983.9116834649835,1377.476356850977
AC-106068,0.5084831503858052,9595.79319774667,4879.299155640906,6831.018817897269
AC-106040,0.07324379673156235,5760.883964812928,421.9490141128751,590.7286197580252
AC-101361,0.496364604374823,10071.323834959225,4999.048670870261,6998.668139218366
AC-106008,0.08530260247937096,8656.97880797159,738.4628219287393,1033.8479507002353
AC-100815,0.16876856153159545,9005.636719608836,1519.8683548444992,2127.8156967822993
AC-101906,0.1892525503521674,6519.629037045361,1233.8564226108797,1727.3989916552318
AC-105061,0.16362350169617687,4737.128208029241,775.1055053814798,1085.1477075340717
AC-106332,0.09221821858657259,5071.56624187649,467.6908042696486,654.767125977508
AC-108135,0.19387892361106507,11527.17182869622,2234.8756664274156,3128.825932998382
AC-109084,0.4986282147746062,12193.820499956042,6080.182947175078,8512.25612604511
AC-105340,0.1536300198609723,6360.997012412118,977.2400973524592,1368.136136293443
AC-109760,0.6768616886043687,14811.431070315673,10025.290244901078,14035.40634286151
AC-103294,0.09493151673201673,5058.412691597138,480.2027890697995,672.2839046977193
AC-102262,0.1386603920980935,7091.993727533318,983.3786310169895,1376.7300834237853
AC-109854,0.04935816943988349,4178.4307931564645,206.23969508144353,288.73557311402095
AC-101448,0.06317289973842904,7675.930768550423,484.91080484075843,678.8751267770618
AC-100802,0.11182101413318468,5677.555299719586,634.8699914118814,888.8179879766341
AC-102523,0.1464054090964898,7859.636221673436,1150.6932563836888,1610.9705589371645
AC-109465,0.06262123621792288,5876.150063677338,367.9717811895012,515.1604936653017
AC-105102,0.40395022574705486,6081.818709258288,2456.7520405575474,3439.452856780567
AC-106284,0.0690500098760762,4689.311195413004,323.79698435526257,453.3157780973676
AC-100934,0.1867454927594744,6839.426239169194,1277.23202322573,1788.1248325160223
AC-104023,0.07787842043815286,6701.526377024036,521.9042887672492,730.666004274149
AC-109180,0.16442709097023123,6922.124703794823,1138.1848283781562,1593.458759729419
AC-109399,0.0323999756028006,4663.985773658583,151.11302527834715,211.55823538968605
AC-106784,0.041951041213690206,4722.077323803342,198.09606042510595,277.33448459514835
AC-106627,0.0674271175188143,7090.630573468375,478.1007809597498,669.3410933436497
AC-108494,0.12941696378332537,7290.02081302805,943.4523595393393,1320.8333033550753
AC-107032,0.12083615991810684,4055.608690942405,490.06418034398035,686.0898524815725
AC-105687,0.11722584828444464,6762.8862164353695,792.7850735728144,1109.8991030019404
AC-107309,0.29756250286670394,9467.398527382147,2817.1428014443786,3943.9999220221302
AC-106752,0.08510690338122487,5004.117690069718,425.8849607570417,596.2389450598585
AC-105772,0.14424411224311362,3365.4838437713584,485.4512293133413,679.6317210386778
AC-100005,0.0924130542714978,3959.2765318138777,365.8888370103835,512.244371814537
AC-103190,0.06665182713029899,5273.871934398227,351.51320047884616,492.11848067038466
AC-101250,0.11246846167659476,4438.6929380352785,499.2129665955925,698.8981532338296
AC-106298,0.2253627660634529,8249.973719680767,1859.236897418051,2602.9316563852717
AC-102951,0.0714392801347851,6236.739508342545,445.548180864165,623.767453209831
AC-103911,0.5980089474486564,14229.303941254706,8509.251072836745,11912.951501971444
AC-106218,0.10112297589647885,6217.049459332649,628.6865426233123,880.1611596726374
AC-102584,0.45622016818340877,8639.105337672403,3941.3340901070883,5517.867726149924
AC-106463,0.06662885935241407,4814.764509334941,320.80226730747273,449.12317423046187
AC-101495,0.04748015165438042,4815.362474220699,228.63414054681135,320.0877967655359
AC-107630,0.2001323775536533,10418.981777986617,2085.1755949166513,2919.2458328833122
AC-106620,0.20564927908853955,7741.66495317722,1592.0678165659076,2228.894943192271
AC-107287,0.07341933289389248,6619.845926433598,486.02467177910637,680.434540490749
AC-106256,0.028996379653965926,4949.904790141374,143.52931854592381,200.94104596429335
AC-107986,0.08796978140409374,6368.447050192767,560.2308948890034,784.3232528446048
AC-107080,0.128817814483797,5486.969808953698,706.8194589279925,989.5472424991896
AC-101606,0.43531421890365857,10683.246954372951,4650.569303297751,6510.797024616852
AC-100562,0.03317301574584401,3655.1252986689096,121.25152908577654,169.75214072008717
AC-105721,0.0885068782460373,7164.882498174661,634.1413829131083,887.7979360783517
AC-101767,0.14413247978604862,9313.964365106793,1342.444780581732,1879.4226928144249
AC-109697,0.11235181376212652,6458.659570704721,725.6421172407928,1015.89896413711
AC-109336,0.11650265681634049,7052.124909108254,821.5912881118053,1150.2278033565276
AC-100266,0.1466644661300239,5877.805574611485,862.0652166164718,1206.8913032630608
AC-101438,0.21395973321758266,6540.793886542862,1399.4665149959064,1959.2531209942692
AC-107048,0.0816862543400728,4732.242711829049,386.5591817574235,541.182854460393
AC-109157,0.09247772525180208,8052.531140518007,744.6797623944047,1042.5516673521668
AC-103942,0.18641473821664023,6240.074796534247,1163.2419096481863,1628.538673507461
AC-105275,0.1491800125004057,5852.913301935678,873.1376795465551,1222.3927513651772
AC-107957,0.09747616797116493,4840.0440787166435,471.78894960482575,660.5045294467561
AC-105854,0.09944447839967271,4268.361884382061,424.4650212134182,594.2510296987855
AC-106380,0.03744489692888921,4741.222803429169,177.53459919130438,248.54843886782615
AC-103479,0.0997674892249625,4185.652395040505,417.59203022164206,584.628842310299
AC-102850,0.17512209499228543,5648.414670329986,989.1622104533463,1384.827094634685
AC-101376,0.11022172575183772,6057.867067331203,667.7085625364692,934.791987551057
AC-108406,0.09732258775385817,5726.841738634298,557.3510576606942,780.291480724972
AC-104803,0.23281598646577786,11017.641892633026,2565.083165760038,3591.1164320640532
AC-106105,0.46166840050397595,9747.16949616318,4499.960150734801,6299.944211028722
AC-106828,0.04174397172666703,5809.5683165429855,242.51445554991096,339.5202377698754
AC-103491,0.06004285198109413,4300.742055368961,258.22881863938505,361.52034609513913
AC-108517,0.13227796413389187,6081.821993659418,804.4910315459952,1126.2874441643933
AC-108957,0.313391507113627,19538.71701867055,6123.267973547838,8572.575162966974
AC-101184,0.3120100536377639,7454.33877791755,2325.8286419321184,3256.160098704966
AC-107629,0.05994138297023576,4648.018764011974,278.6086727864836,390.0521419010771
AC-104674,0.08804171218874561,6891.608338961232,606.748997896384,849.4485970549377
AC-103577,0.2435959482598869,7090.8030472846995,1727.290892227412,2418.207249118377
AC-103231,0.03323199984071562,5817.520717668885,193.3278475629322,270.6589865881051
AC-104265,0.06745641026922974,4609.78881909937,310.9598058356752,435.3437281699453
AC-109321,0.04210625500960817,5820.649664281914,245.08575908584444,343.12006272018226
AC-101106,0.03553376498611698,4193.856852515641,149.02352378270703,208.63293329578985
AC-100310,0.3063391566232556,20544.57232325234,6293.6069586906015,8811.049742166842
AC-102480,0.053217265648212164,5104.223429195657,271.63281415933375,380.2859398230673
AC-108515,0.1729426666986856,5582.0803670206105,965.3798643989221,1351.531810158491
AC-103378,0.3603446379222702,8661.002363469188,3120.945760708231,4369.324064991523
AC-108620,0.12534785989712915,6996.660019384448,877.0163598576468,1227.8229038007055
AC-100840,0.061983531235508406,4342.317594945034,269.1521782807733,376.8130495930826
AC-109862,0.5871544951843124,9691.890192903891,5690.636893596272,7966.891651034782
AC-103036,0.07987775735267903,5410.957671746143,432.2151639493555,605.1012295290977
AC-104053,0.3121484199488366,10370.523808559787,3237.1426208837283,4531.99966923722
AC-109209,0.04763344922465868,4799.517167490772,228.61755730054938,320.0645802207692
AC-106498,0.1706677394506924,5513.18632337572,940.9230469810083,1317.2922657734116
AC-107761,0.06792751700785093,7803.29681846783,530.0585773537827,742.0820082952957
AC-103953,0.0674333910913427,4707.565989222702,317.4471384395581,444.4259938153814
AC-107099,0.12054239924878811,7414.3264303846145,893.7406967322642,1251.23697542517
AC-104900,0.1757834572697067,8518.856660686128,1497.4740758004764,2096.463706120667
AC-103767,0.10992949671908486,6122.351653610852,673.0270360186979,942.2378504261771
AC-108991,0.26406289568969143,6437.70449992927,1699.95889184588,2379.9424485842324
AC-106177,0.5403833090739725,7977.1926872308595,4310.741781446506,6035.038494025109
AC-109007,0.027999433285268313,3981.0230560035793,111.4663894636872,156.0529452491621
AC-109306,0.08570938482954082,4490.87420720609,384.91006564648586,538.8740919050803
AC-100441,0.16060087112548516,7869.9345081110505,1263.9183377031513,1769.4856727844121
AC-109030,0.6375693639575785,19673.290123835923,12543.087071206979,17560.321899689774
AC-107183,0.17388657745841432,6978.980112289393,1213.5509658763426,1698.9713522268798
AC-106910,0.05371670382514386,4882.543289920742,262.274131818116,367.18378454536247
AC-108042,0.18294776043721106,9192.121510533198,1681.6780440187622,2354.3492616262674
AC-108030,0.028432714213969784,3738.9593523265107,106.30876272234924,148.83226781128894
AC-102149,0.08241038874921733,6644.033458980808,547.5373802174155,766.5523323043817
AC-106929,0.14265813318024836,6415.907374141209,915.2813686523742,1281.393916113324
AC-105499,0.23581802299688337,6671.32546566694,1573.21878208234,2202.506294915276
AC-109638,0.20424620420619977,11067.073876251392,2260.4078308939406,3164.5709632515172
AC-105954,0.1363794507850874,7242.79774797236,987.7687790159383,1382.8762906223137
AC-103489,0.06488783387806027,5469.377424577043,354.8960537423683,496.85447523931566
AC-101618,0.17665804428303405,5599.967181466662,989.2792503270749,1384.990950457905
AC-108711,0.2119089452672096,9613.807693142699,2037.2518482556547,2852.152587557917
AC-101538,0.04647088285204096,6769.512253863285,314.5852109147365,440.4192952806311
AC-100312,0.09527543990810183,7693.0978750563345,732.9632843020757,1026.148598022906
AC-108387,0.04512841734889863,5332.561717356695,240.65007071963257,336.9100990074856
AC-109011,0.08214313760951807,6998.197357591174,574.8538885631775,804.7954439884486
AC-103684,0.13694728441361592,5733.323207187551,785.1630438898982,1099.2282614458575
AC-102414,0.29204544264662247,7845.343996793455,2291.196960258567,3207.675744361994
AC-100168,0.059538139365557546,6235.504330829097,371.2503258634404,519.7504562088167
AC-102434,0.032878283626893386,4685.2595884462935,154.04329361455902,215.66061106038265
AC-106207,0.2204031830420281,9273.38803609218,2043.8842407385782,2861.43793703401
AC-104888,0.03173135942654742,3749.1365348474133,118.9651989264438,166.55127849702134
AC-108989,0.45659665435012825,9577.017876421034,4372.834321025214,6121.968049435301
AC-105048,0.09567204300457885,5640.176322190706,539.6071916500366,755.4500683100513
AC-101141,0.05066964397856627,4598.553910827595,233.00708947787783,326.209925269029
AC-103427,0.07691545762792823,5181.471468911875,398.53524921741035,557.9493489043746
AC-100652,0.15471425778548448,5876.316449475605,909.1499379932516,1272.8099131905524
AC-109789,0.11346396779341492,5607.7555909683,636.2781997669696,890.7894796737575
AC-109481,0.06035668299403643,3892.4370256499788,234.93458763140583,328.9084226839682
AC-109051,0.5102156280571597,8269.976951315792,4219.471484233822,5907.260077927351
AC-105013,0.0399774630905108,5005.890786098154,200.12281413636705,280.1719397909139
AC-108635,0.06462219385041473,5857.566104368794,378.5287722881389,529.9402812033945
AC-103010,0.07819151203052313,5027.857918338169,393.1358129094999,550.3901380732999
AC-108107,0.13391401199071182,6737.660173381102,902.2671052474984,1263.173947346498
AC-103603,0.07303777798952478,6169.657029821963,450.6180404156474,630.8652565819064
AC-109379,0.059043207009864505,5038.753188314399,297.5041475692619,416.50580659696664
AC-106155,0.10864005315463675,8721.171375392525,947.4685217933404,1326.4559305106768
AC-107689,0.138340021439851,5852.6285594686215,809.6527603963733,1133.5138645549227
AC-106369,0.11335881589318278,3928.9231675722635,445.37807801128474,623.5293092157987
AC-102997,0.08405603918335919,4839.365147501771,406.77786646099173,569.4890130453884
AC-100861,0.0339351616974991,6337.3893193444865,215.0603312919589,301.0844638087425
AC-105678,0.0514896551729783,4167.176267487626,214.56646905795665,300.39305668113934
AC-107043,0.5008432105281954,12080.375870076177,6050.374235156294,8470.523929218813
AC-108861,0.3673097311302754,10002.585165306928,3674.0468676765686,5143.665614747197
AC-105716,0.3958944855311649,7925.261910352925,3137.5674866989084,4392.594481378472
AC-100828,0.04460643528023798,6770.9284372406255,302.0269811228968,422.8377735720556
AC-108152,0.0767563467636436,6779.394976067735,520.3615916307583,728.5062282830617
AC-104266,0.20469153300734585,8902.6685497194,1822.3008732983483,2551.221222617688
AC-101431,0.07003042540472323,8014.069420845596,561.2286907648011,785.7201670707216
AC-105405,0.1450808872396557,5851.228746467137,848.9014579796307,1188.462041171483
AC-106322,0.20568132775495657,6743.243987132533,1386.9593766490466,1941.7431273086654
AC-100649,0.05220282802895934,6045.957720750852,315.6160911667157,441.862527633402
AC-105550,0.35737392199962814,8672.69738257914,3099.3958779282166,4339.154229099504
AC-101369,0.0856527412117184,4721.233640049473,404.3866031712168,566.1412444397035
AC-108447,0.043055538166874074,5339.761601740052,229.90630944572746,321.8688332240185
AC-106063,0.08426191915889275,8686.749206614726,731.9621594013458,1024.7470231618843
AC-104060,0.048992578384675876,4940.259694134125,242.036060305521,338.85048442772944
AC-101876,0.061760286396258586,7374.189827814313,455.43207570618875,637.6049059886643
AC-105087,0.10367666065336839,5242.681896923089,543.5437519408528,760.9612527171939
AC-101492,0.052216313983469036,6546.255517926996,341.8213335400927,478.54986695612985
AC-101482,0.042416789451869726,5195.09005572796,220.35904107731506,308.5026575082411
AC-105463,0.040927304298115426,5556.4704278568015,227.41135602437492,318.3758984341249
AC-100796,0.0764105549982193,4578.4235603688885,349.83988526471,489.77583937059404
AC-102633,0.1062603056273062,6819.36474343766,724.6277818217623,1014.4788945504672
AC-101335,0.36957042162716064,7580.258965642639,2801.439501975615,3922.015302765861
AC-100924,0.07543833852138469,6158.87530782928,464.6153203830226,650.4614485362317
AC-106114,0.08608644022207343,5679.556676853495,488.93281634982645,684.5059428897571
AC-103260,0.35784904719832306,8860.720078693572,3170.8002376515446,4439.120332712163
AC-108673,0.11954183384894171,8256.256393966285,986.9680300617803,1381.7552420864924
AC-106649,0.08436688524049069,4550.610273885077,383.92081475106016,537.4891406514843
AC-100999,0.05876141279660608,6503.214091187981,382.1380477170024,534.9932668038034
AC-101392,0.04260114909407898,6344.564305140553,270.2857299002643,378.40002186037003
AC-108602,0.14084507449305594,6474.189052343748,911.8576393594824,1276.6006951032755
AC-108551,0.050697498387700816,7253.448537288396,367.7316955244493,514.8243737342291
AC-102384,0.09746020486265565,6087.577260652163,593.296526940404,830.6151377165656
AC-102596,0.06954372125643035,7069.179562762445,491.61705302440566,688.263874234168
AC-105651,0.04653629573819306,5583.706828270054,259.8450322757432,363.78304518604057
AC-100142,0.33158202416830873,7225.674034565468,2395.903622361608,3354.2650713062517
AC-109981,0.046788813783593064,4453.95196851607,208.39512925596617,291.7531809583527
AC-105732,0.07011200361849151,4120.229983214122,288.87757949212573,404.4286112889761
AC-105506,0.37532137485183453,9301.954129579795,3491.2222127225887,4887.711097811624
AC-106710,0.03876226627509877,4629.359926099071,179.44448213872374,251.22227499421325
AC-103810,0.05255561072885723,6597.685875384819,346.74541057800417,485.44357480920587
AC-102705,0.4434333505056779,13046.705173550712,5785.344188167354,8099.481863434296
AC-107125,0.040366655473950554,5607.573304891488,226.35897964347697,316.9025715008678
AC-109185,0.03800922209817382,4197.371770600679,159.5388358573663,223.35437020031284
AC-108330,0.08461843356560754,3864.3258987202366,326.993204336715,457.79048607140106
AC-108049,0.11251965434311956,6581.350884295124,740.5313266116716,1036.7438572563403
AC-104544,0.05014004610111512,5849.499560963001,293.2941776551375,410.6118487171925
AC-104192,0.08846577507412488,7069.982739091693,625.451502774431,875.6321038842035
AC-101449,0.2184958250659148,11500.295767639065,2512.7666122523456,3517.873257153284
AC-104855,0.05926561010746785,4601.559456938356,272.7142286612401,381.79992012573615
AC-103595,0.03811338526124398,4520.669255560134,172.2980089758244,241.21721256615416
AC-105824,0.08565403020617275,7180.039192005102,614.9992938335092,860.999011366913
AC-103019,0.07734248427165825,6808.033761621834,526.5502441291551,737.1703417808172
AC-100186,0.04435991886709978,6708.909852598986,297.60669674797737,416.6493754471683
AC-109061,0.04157578862025276,5620.718720945803,233.6858134359402,327.1601388103163
AC-106520,0.05018000678528222,4452.490844012598,223.42602076395914,312.79642906954285
AC-107758,0.05876992022426188,4957.105675268358,291.32870507875725,407.8601871102602
AC-104895,0.25766343192467006,9249.265635415488,2383.197526404069,3336.4765369656966
AC-101756,0.03661275294333023,3787.008147576423,138.65279370159425,194.11391118223196
AC-105243,0.16562271444382895,5624.345004383118,931.5192865945211,1304.1270012323296
AC-106184,0.583096181274489,8222.819702873929,4794.694768054416,6712.572675276184
AC-105783,0.07113156337130677,6221.330364030632,442.53295504287996,619.546137060032
AC-104427,0.055525826946575256,7430.53772158077,412.5867516484934,577.6214523078909
AC-107974,0.06806739779383174,7225.457260088773,491.8180735647921,688.5453029907089
AC-106779,0.06612092916072816,7951.471014259658,525.7586516574462,736.0621123204247
AC-101301,0.16122142032770337,5246.138424566443,845.7898880443421,1184.1058432620791
AC-108619,0.3871468740254058,9591.041387976693,3713.1416920034662,5198.398368804853
AC-100762,0.3154382767869543,5895.625011488573,1859.7057942060233,2603.5881118884326
AC-104024,0.05483671818912482,5219.13202318562,286.2000719472667,400.6801007261734
AC-101677,0.4127786436809013,8492.20044849429,3505.3989829958145,4907.558576194141
AC-104730,0.19728609781437825,8274.417017974436,1632.4274451650606,2285.398423231085
AC-101850,0.16403478795072599,5744.2458912842085,942.2561567136341,1319.158619399088
AC-106823,0.1217010001058105,7027.176015648354,855.2143490239694,1197.3000886335572
AC-108936,0.3633887102914571,10006.114629067753,3636.1090900854124,5090.5527261195775
AC-108844,0.26991251004262273,6460.449079946468,1743.756027170904,2441.258438039266
AC-102220,0.1580102837697523,5416.260405277163,855.8248436087181,1198.1547810522054
AC-103223,0.07868755359320129,5539.250668099066,435.8700838122213,610.2181173371099
AC-108213,0.1586882659747869,5555.106186839078,881.5301680953039,1234.1422353334256
AC-100469,0.13333217038306816,6997.033664723721,932.929684761007,1306.10155866541
AC-100484,0.14659683558912392,5912.51648708302,866.7562073748941,1213.458690324852
AC-106088,0.5695150544093793,8707.506314050243,4959.055932216338,6942.678305102874
AC-107574,0.1197709978524522,7911.655110800074,947.5868272849781,1326.6215581989695
AC-109124,0.06183058678253937,3668.136196334976,226.8030134176636,317.5242187847291
AC-100256,0.2825204294495106,10332.352229980626,2919.100589237735,4086.7408249328296
AC-100366,0.15480119543898768,6618.710742888006,1024.5843352639336,1434.418069369507
AC-104640,0.049603337154394404,4653.163674962868,230.81244660376402,323.13742524526964
AC-101975,0.047497172927500476,5384.512697910768,255.74913074298988,358.04878304018587
AC-109354,0.032184144921674186,3193.004060567893,102.7641054208112,143.8697475891357
AC-106039,0.052703744095407644,5519.756834926941,290.9118516968668,407.2765923756135
AC-105819,0.06047452721147672,7191.481039930264,434.90141584008165,608.8619821761143
AC-103407,0.03817795881792388,5774.2029007906585,220.44728055272236,308.62619277381134
AC-102585,0.3707829615716034,9369.458388482792,3474.035529603552,4863.649741444973
AC-101645,0.06292571693736865,4622.8906733818785,290.8987099456296,407.2581939238815
AC-105342,0.0742226149390012,5753.9846955615285,427.0757904235694,597.9061065929973
AC-107064,0.043207269895733286,5103.076011188584,220.4899825138672,308.6859755194141
AC-101144,0.3229939509805682,8343.356341498848,2694.8536291794917,3772.7950808512887
AC-109229,0.11310347492404287,8357.345100160004,945.2447719675196,1323.3426807545275
AC-100284,0.33987877753726414,18791.703265614833,6386.901133760184,8941.661587264258
AC-101909,0.0287549522798078,4160.704602365306,119.64086229139104,167.49720720794747
AC-100757,0.16062770723058692,5211.909054450827,837.1770017107725,1172.0478023950816
AC-104743,0.12636804899268175,5819.848107825037,735.4428508196005,1029.6199911474407
AC-103092,0.164093810286114,8604.487329439882,1411.9431114463798,1976.720356024932
AC-106534,0.16388198028213175,5747.159022267799,941.8558015655669,1318.598122191794
AC-101776,0.03315577768355418,4823.038604306665,159.91159572359123,223.87623401302776
AC-104362,0.06676559115297387,7844.560694151686,523.7467320804204,733.2454249125886
AC-103017,0.05449308347822101,6959.021606110738,379.2185453085361,530.9059634319506
AC-109283,0.170534557759185,7681.056604160798,1309.885591113829,1833.8398275593606
AC-101290,0.15806024960805062,4711.37402674732,744.680954664568,1042.5533365303954
AC-103451,0.3296722138389405,6788.254116010536,2237.8987625264936,3133.058267537091
AC-103449,0.04670157501876788,5304.991278043124,247.75144814544024,346.8520274036164
AC-108163,0.18899136396516777,6453.626692478941,1219.6797111336093,1707.5515955870533
AC-103273,0.1161721152018092,5953.115920473335,691.5860685229527,968.2204959321339
AC-108125,0.128124848067822,5835.972638800598,747.733107674293,1046.8263507440104
AC-107531,0.08266691431604775,4614.849709482445,381.4953855152232,534.0935397213125
AC-104941,0.17115887967031798,4836.557868093523,827.819826163549,1158.9477566289688
AC-103665,0.04837475680683633,5139.3250552601385,248.6135996994899,348.05903957928587
AC-106555,0.0552972611391069,7822.072021441176,432.5391592185345,605.5548229059484
AC-104694,0.2500113119877145,10434.362281088548,2608.708603650069,3652.1920451100973
AC-106768,0.3091406591683707,10721.48704576203,3314.4475725920215,4640.22660162883
AC-108059,0.19893473779648535,8548.929715585136,1700.679091410511,2380.950727974716
AC-106709,0.4496950405619063,9475.904973331986,4261.267471343297,5965.774459880617
AC-104351,0.0796181664353311,4290.946500951042,341.6372926778217,478.29220974895037
AC-106615,0.051275802186722154,6311.386636716447,323.6214127081942,453.06997779147196
AC-107292,0.08693142193153998,5542.112304205897,481.7837031089021,674.497184352463
AC-101354,0.041187513807278704,6374.2834772958595,262.54088873263174,367.5572442256845
AC-103864,0.0680539650067531,3492.430292687731,237.67372892709534,332.7432204979335
AC-107239,0.06788519742032645,5871.631332345361,398.5968521756393,558.0355930458951
AC-103538,0.11814776359542632,4980.728068511007,588.4618823715429,823.8466353201601
AC-104224,0.045228906798494534,5488.112214304947,248.2213158404779,347.5098421766691
AC-103065,0.44038353365588023,8337.370302379992,3671.6405951596953,5140.296833223574
AC-104588,0.06237918920482091,5762.581142087219,359.46513937039157,503.25119511854825
AC-101551,0.1757027648985003,11765.911167664826,2067.303123708852,2894.224373192393
AC-103252,0.05679592316552785,4378.982344215916,248.70834476529018,348.1916826714063
AC-101887,0.14295328897905743,7796.636272304916,1114.5547980994058,1560.3767173391684
AC-108280,0.15956402785842175,9553.35596280044,1524.371956989709,2134.120739785593
AC-106371,0.0729110336884508,5681.79991168087,414.2659047716006,579.9722666802409
AC-104689,0.13656884616924928,6877.129557530404,939.201648628367,1314.882308079714
AC-107670,0.04462395522531979,4613.20844474004,205.8596070831467,288.2034499164054
AC-108324,0.07514690774251444,4097.401021277282,307.9070165300083,431.06982314201167
AC-109560,0.043418648426780566,3768.5617762165493,163.62585883615006,229.0762023706101
AC-106541,0.20492756868410825,7145.4777786003415,1464.3053882548907,2050.027543556847
AC-105682,0.07691780482074377,5653.186855179432,434.83072314188587,608.7630123986403
AC-109504,0.0958708924582084,6453.695689081693,618.7215653659541,866.2101915123359
AC-104904,0.2765400822378127,5243.005084934498,1449.901057361056,2029.8614803054786
AC-101520,0.12461068369908262,6725.106813453964,838.0201579738573,1173.2282211634003
AC-105660,0.0807073700470986,5426.822403625099,437.98456390925594,613.1783894729584
AC-103313,0.1201045607562161,6564.632607652509,788.4423158680381,1103.8192422152536
AC-104124,0.08089539281688526,4824.129173701907,390.2498245060119,546.3497543084168
AC-100281,0.12432224193177172,9807.778562437114,1219.325019252551,1707.0550269535718
AC-106103,0.06725633948938654,5933.534446439842,399.0678071017273,558.6949299424183
AC-108916,0.033543055098099094,3565.8463548406494,119.60938075177572,167.453133052486
AC-102142,0.0416243276024685,4745.334529022427,197.52135901933508,276.52990262706913
AC-100901,0.060043897397854706,8055.010252891874,483.65420916330737,677.1158928286304
AC-103732,0.08310519752256677,8239.764109191092,684.7672238336821,958.6741133671551
AC-109609,0.2485928249454833,9275.918330560648,2305.9267417576625,3228.297438460728
AC-106457,0.049066786900880996,5233.70536763994,256.801105975986,359.52154836638044
AC-105065,0.10212034915495366,6821.812826968153,696.6459077597292,975.304270863621
AC-107279,0.1157018135754309,8461.641788106062,979.0273007095234,1370.6382209933329
AC-107118,0.04430480907473202,3913.125022066084,173.37025698819437,242.71835978347215
AC-108476,0.11839060872382029,6761.032046058948,800.4426995341751,1120.6197793478452
AC-105078,0.5508838907250984,11938.28006850037,6576.606172701378,9207.24864178193
AC-100996,0.08378056812221583,6324.271458260842,529.8510557322078,741.791478025091
AC-106966,0.22275152709296775,6818.542853668321,1518.8408332034608,2126.3771664848455
AC-106529,0.10495884299326551,7655.094102279553,803.4698199798324,1124.8577479717655
AC-102572,0.039440908185120686,5163.205032364909,203.64149562245746,285.0980938714405
AC-104837,0.1438596934506841,9629.837571781878,1385.3454810564212,1939.4836734789899
AC-100912,0.0405270884667231,5511.816923955203,223.3778920895141,312.7290489253198
AC-105104,0.12518028289026328,5429.709890910695,679.6926201562615,951.5696682187661
AC-100584,0.5311789917985803,10681.931534949324,5674.017623195844,7943.624672474182
AC-102013,0.08813748516826467,5891.637169166859,519.2740836142409,726.9837170599374
AC-106829,0.059297931873441956,5219.947474939664,309.53208975191757,433.34492565268465
AC-103188,0.04157514401814041,5252.359265489868,218.36759289775546,305.7146300568577
AC-105321,0.07375985742307213,6795.837130351003,501.25997780510966,701.7639689271535
AC-104726,0.11212595381373903,8591.58767992414,963.3399633858634,1348.675948740209
AC-100075,0.380090946422494,10424.750130618393,3962.353143364763,5547.294400710669
AC-105438,0.4697133850513846,22976.277175219995,10792.26492785145,15109.17089899203
AC-101936,0.15716368378074605,6488.985934852979,1019.8329335229424,1427.7661069321196
AC-103861,0.18412447284759959,7384.273509109346,1359.6254672272528,1903.4756541181541
AC-106055,0.16322445846462583,10901.757881643087,1779.4335265436594,2491.2069371611233
AC-104088,0.5714065238542432,9250.47444140308,5285.781444564655,7400.094022390518
AC-102292,0.22929762493245856,9386.410950247204,2152.2817375317054,3013.194432544388
AC-101359,0.4544768539080137,8466.097875692707,3847.6455274221394,5386.703738390996
AC-104055,0.38537116107551045,9418.471118253356,3629.6071503974567,5081.45001055644
AC-108874,0.06696977922169838,6969.986985480044,466.7784895957095,653.4898854339934
AC-106549,0.08936710222278567,5837.570627752219,521.6867710230637,730.3614794322892
AC-107829,0.23593417996703075,9491.677666786867,2239.411186824739,3135.175661554635
AC-103946,0.14925653209437367,5174.9928087406,772.4014802459443,1081.362072344322
AC-105253,0.030448900911987705,4635.336492133096,141.14090154268132,197.59726215975385
AC-101979,0.025493728657573406,3536.3642626149544,90.15511094544532,126.21715532362346
AC-100622,0.03130403686488202,4464.304189485523,139.75074292370206,195.6510400931829
AC-105897,0.4178047224854511,8176.358351358262,3416.121131930839,4782.569584703175
AC-102310,0.3826967013634423,22531.34009588944,8622.669531994756,12071.737344792658
AC-107103,0.12726388357518978,6863.35889069988,873.4577068007733,1222.8407895210828
AC-105483,0.12788268051264062,3461.4691736385175,442.66195643676866,619.7267390114762
AC-109855,0.08889757428605766,5862.574322839294,521.1686363721403,729.6360909209965
AC-102510,0.6621370444350589,15290.821600803538,10124.619421739812,14174.467190435738
AC-100409,0.05293102757492777,6354.863484338831,336.36945432444026,470.9172360542164
AC-101601,0.14594811511386388,5524.748842074802,806.3266799783195,1128.8573519696474
AC-107714,0.037408883142204925,6303.135156356078,235.7932464936481,330.1105450911074
AC-109222,0.1288013598875027,9780.918896317526,1259.7956547950691,1763.713916713097
AC-102568,0.04566803368786295,5828.459782831961,266.1742977107244,372.6440167950142
AC-100154,0.05926004744752279,5991.8871437229645,355.0795164372247,497.1113230121146
AC-109590,0.20770838562523433,8869.408111428946,1842.2504402762647,2579.1506163867707
AC-100473,0.05532763310571186,6205.812961694012,343.3529426672774,480.69411973418835
AC-105634,0.02974372044914886,3798.188629398128,112.97226080595378,158.1611651283353
AC-103564,0.04114332505756014,4950.04761774703,203.66141818736725,285.1259854623142
AC-100163,0.11032449347407385,7907.965336106796,872.4422701165164,1221.419178163123
AC-106262,0.04821705299209337,4327.548221642336,208.66162192876794,292.12627070027514
AC-109822,0.04710469791433897,5922.727948292782,278.9883108331441,390.5836351664018
AC-103729,0.0993183406523132,7943.542638524574,788.9394737591584,1104.515263262822
AC-107498,0.21175408718341487,8845.971981221695,1873.1707221336642,2622.43901098713
AC-107114,0.31139809514119443,10179.626058291986,3169.91616380179,4437.882629322507
AC-100088,0.1521948984620128,4974.742657075575,757.130453568261,1059.9826349955656
AC-100632,0.11456571747694033,8708.941994000244,997.7461880076934,1396.844663210771
AC-101133,0.08887427969270321,5051.409290165489,448.9403620964871,628.516506935082
AC-103064,0.045789955218292724,4103.573763168212,187.9024588504334,263.0634423906068
AC-105942,0.03848964174136114,4718.250857936823,181.60378516785815,254.24529923500143
AC-100801,0.03526485477138103,5375.610801263265,189.57013421401624,265.39818789962277
AC-109331,0.17636151001329325,5721.506573775708,1009.0535389020677,1412.674954462895
AC-103783,0.11113522743242343,5270.086862702463,585.6923020750651,819.9692229050912
AC-108328,0.03829341847165149,4811.445937764147,184.24671274853011,257.94539784794216
AC-103498,0.045398830567435794,5870.110996272257,266.49617453180593,373.0946443445283
AC-102225,0.1073030621004279,5723.93977533401,614.1962651717746,859.8747712404845
AC-107760,0.04012431586331129,4925.8218981591435,197.64523372815304,276.7033272194143
AC-107302,0.1291270139290469,6905.923996581692,891.7413440995434,1248.4378817393608
AC-108760,0.11821744287032279,6020.549872391933,711.7340105874225,996.4276148223917
AC-108183,0.18638279932919605,11460.167043073077,2135.978014268155,2990.3692199754178
AC-108164,0.10307190694907582,6850.574776360865,706.101805896753,988.5425282554544
AC-109752,0.17391452638709373,5702.870944620692,991.8120993804255,1388.5369391325958
AC-106231,0.05066393663759371,5738.844372807123,290.7524476769113,407.0534267476758
AC-100738,0.14752995810382072,9692.930299384107,1429.9976009713916,2001.9966413599484
AC-103762,0.07566575110960662,7505.56445943765,567.9141723249184,795.0798412548858
AC-104110,0.08523354329618676,3643.555463510647,310.55314235119255,434.7743992916696
AC-108864,0.24412468737682663,8046.941483681293,1964.457074043313,2750.2399036606384
AC-106046,0.11976505292841963,5690.8824069437,681.5688326770243,954.1963657478341
AC-103245,0.06637966291702867,6383.618475132326,423.74244257020035,593.2394195982805
AC-109018,0.07248473968817053,5499.642458767987,398.6401520018076,558.0962128025308
AC-106449,0.07824470160203295,3368.474435276913,263.56527704231854,368.991387859246
AC-108209,0.4933968873249367,9963.543766969316,4915.981481348435,6882.3740738878105
AC-102334,0.31733113389638046,5832.544178127169,1850.847857545827,2591.187000564158
AC-107066,0.12218036857925961,4963.147011705973,606.3991312032866,848.9587836846014
AC-102449,0.11149749369911248,5396.895780469287,601.7403532776411,842.4364945886977
AC-103366,0.5369750190871401,17221.897232872216,9247.728595338323,12946.820033473654
AC-104630,0.04560190519865254,5397.237571332607,246.12431606251522,344.57404248752135
AC-107669,0.07256291274631228,4712.921706286545,341.9833265534717,478.7766571748605
AC-100364,0.04186144748210577,5189.7606806435915,217.2508941774592,304.15125184844294
AC-103747,0.04113929083869402,4175.685187468514,171.78472737809378,240.49861832933132
AC-104952,0.43298319214866937,9231.961351668735,3997.2840958386732,5596.197734174143
AC-108802,0.03963689945526322,4660.61195714361,184.73220754529882,258.6250905634184
AC-100268,0.04958546469201583,6769.33022740741,335.6603849797056,469.9245389715879
AC-100605,0.11942946772447492,6377.7675554541875,761.6933844183192,1066.370738185647
AC-105331,0.36420216590773336,8897.317376743635,3240.4222593785444,4536.591163129962
AC-102002,0.11259048737104735,6688.8030121733245,753.0955910695242,1054.333827497334
AC-108862,0.05555377295125777,5703.0772546039625,316.82745892575105,443.5584424960515
AC-108487,0.2136522185898397,7083.946564679773,1513.500899915707,2118.90125988199
AC-102864,0.04149541662990257,3964.2191442475782,164.49692500278908,230.29569500390474
AC-105601,0.07030441107095992,7480.649395712891,525.922650193927,736.2917102714979
AC-102401,0.10787064569647598,3952.717741101592,426.38221498854466,596.9351009839626
AC-102852,0.20055432138654156,9449.48537810197,1895.1351274572876,2653.189178440203
AC-105578,0.6901611829976975,8616.547760728561,5946.806795900585,8325.52951426082
AC-107487,0.11480575153747848,5540.037857650805,636.0282097936828,890.4394937111559
AC-101139,0.17197533967526607,5939.119329627304,1021.3820640845942,1429.934889718432
AC-100418,0.32042741008929027,8552.912468770472,2740.5875910885197,3836.822627523928
AC-106426,0.0504593682237695,3930.9025237711135,198.35085789871147,277.6912010581961
AC-109240,0.030723368549830505,3699.581778349313,113.66361445646329,159.1290602390486
AC-106404,0.12323424753528667,8849.694243982805,1090.5854110745786,1526.81957550441
AC-103925,0.5783434586088585,9923.269477507189,5739.057990329227,8034.681186460919
AC-108964,0.5500088690073474,8475.735101247375,4661.7294770429435,6526.421267860122
AC-103030,0.2930774841761746,9692.375904365743,2840.6171457412865,3976.8640040378014
AC-101389,0.3074992763176139,7452.141249225515,2291.528041153485,3208.139257614879
AC-106596,0.045408396388329234,4172.26485405149,189.45585632986467,265.2381988618106
AC-102227,0.1443239688853916,6155.731131447124,888.4195482818111,1243.7873675945357
AC-104397,0.15280584433892255,7273.031231116394,1111.361678174094,1555.9063494437319
AC-102506,0.10347030488818972,5424.280898459288,561.2519983627662,785.7527977078728
AC-107634,0.10757170639389507,9112.58737498038,980.2565735901044,1372.3592030261464
AC-102795,0.049697006914207476,5245.509470137157,260.6861204059471,364.960568568326
AC-105202,0.10996464998409687,9289.886698342209,1021.5591391751183,1430.1827948451657
AC-109339,0.054846492930505544,3911.0836046027,214.50921927045812,300.3129069786414
AC-104033,0.042964056612529174,4522.485818447365,194.30433673313294,272.0260714263861
AC-100992,0.039295509602649756,4702.79615270229,184.79877137781716,258.71827992894407
AC-101938,0.04886933010460647,6817.043313184729,333.14434000942475,466.4020760131947
AC-105145,0.28673635634221606,20693.113342160257,5933.467921107529,8306.855089550541
AC-100810,0.10467260580898559,7280.231587117101,762.0408111164338,1066.8571355630074
AC-100993,0.03296441073511128,4994.033605593359,164.62537499972822,230.47552499961952
AC-109415,0.04877873776111743,4678.498541366067,228.2112534650658,319.49575485109216
AC-102153,0.07154939140059649,7140.508016590416,510.89900287812463,715.2586040293745
AC-104308,0.02695224250008076,3691.192081292147,99.48590408936376,139.28026572510927
AC-102159,0.06746719687332871,7343.109197260373,495.4189938739163,693.5865914234829
AC-105023,0.04283086309342419,4462.192450643531,191.11955395002403,267.56737553003364
AC-101490,0.2877447773408109,7491.495873270182,2155.638812003732,3017.8943368052246
AC-106205,0.14223015548002962,5199.386779045366,739.5095899844329,1035.3134259782062
AC-103914,0.033171933567145706,3734.451203581403,123.87896723494963,173.4305541289295
AC-103644,0.06536060848673672,5705.317796090716,372.9030427626969,522.0642598677757
AC-100185,0.09826437213306864,5461.743294044421,536.6947755412732,751.3726857577825
AC-102602,0.07753424788578861,7484.316862149156,580.2908788456602,812.4072303839245
AC-107791,0.0577745490679807,6599.979780752016,381.31085569073787,533.8351979670331
AC-101562,0.04667521140037219,4632.971746265646,216.24493566890052,302.74290993646076
AC-103465,0.024808633881820596,3354.3115086091416,83.2158861426615,116.50224059972612
AC-100143,0.07227797098599846,6189.785208512722,447.385115710445,626.339161994623
AC-104918,0.05785624340600882,5698.203880855364,329.67667070783205,461.54733899096493
AC-108622,0.12379730745172303,6906.224871503301,854.9720437482306,1196.9608612475229
AC-100079,0.1613330116292451,10245.221186236682,1652.892388783311,2314.0493442966354
AC-109934,0.45429890795521344,9949.071169577523,4519.852167507766,6327.793034510873
AC-104195,0.10905006711910603,7931.703757043182,864.9528270744245,1210.9339579041944
AC-102910,0.6600456921514437,12229.956213936934,8072.329914209853,11301.261879893795
AC-106172,0.0504137633041485,5479.529731270283,276.2437148903045,386.7412008464263
AC-102264,0.41972043845039353,11237.020853957341,4716.407319699191,6602.970247578868
AC-104270,0.24693624138124226,9565.69367751289,2362.1164429293462,3306.963020101085
AC-109010,0.07565125933932597,7357.04455474964,556.569685582341,779.1975598152775
AC-104643,0.05267048774689099,6040.071834038337,318.1335295250576,445.3869413350807
AC-108975,0.04876792127299026,4959.8393348426025,241.8810542082844,338.6334758915982
AC-102755,0.22955189599014042,10736.939701795181,2464.6848656788966,3450.5588119504555
AC-108203,0.073332452731761,8278.113720653993,607.0543831280012,849.8761363792017
AC-108486,0.12774736962761876,5627.489826587589,718.8970229527489,1006.4558321338485
AC-104128,0.05543146955679742,4449.811876651696,246.6596115740941,345.3234562037318
AC-104130,0.11971110211071628,9891.33343482516,1184.1024268274966,1657.7433975584954
AC-109664,0.13332485382302436,5371.204687694022,716.1150798403487,1002.5611117764882
AC-107151,0.0975806010314335,7718.414816362908,753.167556790614,1054.4345795068596
AC-105283,0.09490280640965361,4840.373235577918,459.36500412651986,643.1110057771278
AC-103141,0.6462067358684674,12026.49276320673,7771.6006324575665,10880.240885440595
AC-104052,0.0664154289388139,7021.8606515540705,466.35988712154284,652.90384197016
AC-103205,0.11283315454291376,8040.142127268358,907.1945991930621,1270.072438870287
AC-102512,0.144988522693969,11633.918727276434,1686.7846894095103,2361.4985651733145
AC-105200,0.046658544707591766,4376.447124322753,204.19865381062456,285.8781153348744
AC-101269,0.08296541018436111,5937.894701297088,492.63986952465734,689.6958173345204
AC-109064,0.085405954276029,4372.125598031378,373.4055589145238,522.7677824803334
AC-109629,0.03226765493331702,4718.258726665302,152.2471444781477,213.1460022694068
AC-101621,0.6268052353143012,10154.305636997895,6364.771934251801,8910.680707952522
AC-103516,0.04030121032097158,5644.852699238529,227.49439586291606,318.4921542080825
AC-107365,0.07122982164090455,7772.927319883198,553.6642266229944,775.1299172721923
AC-106958,0.09551794825073909,5630.163792808573,537.7816938046742,752.8943713265439
AC-102441,0.07795624093024384,6836.234539114637,532.9271467868751,746.0980055016253
AC-107561,0.3217414620182028,11031.216907113543,3549.1998555346286,4968.87979774848
AC-108393,0.036801267515069555,4648.619732294242,171.0750983439914,239.505137681588
AC-102271,0.24433463034700145,8525.162601478423,2082.9924528803117,2916.1894340324366
AC-100180,0.1341552844193645,6720.829461302346,901.6347879150605,1262.2887030810848
AC-105284,0.059150989346809096,4741.455459723848,280.4617813864952,392.6464939410933
AC-109589,0.6260410706056962,11196.85633527383,7009.691927553001,9813.568698574201
AC-102293,0.10830722548729602,6589.557220332245,713.6966597239641,999.1753236135498
AC-107338,0.11566758354639192,5412.562318929823,626.0580042248681,876.4812059148154
AC-100227,0.14899724124860447,7889.177490065709,1175.4656817403804,1645.6519544365328
AC-104331,0.22656605290114076,7304.769198066276,1655.0127245597075,2317.0178143835906
AC-107263,0.11489656805796951,5496.973388201215,631.5833770103081,884.2167278144315
AC-103196,0.17754632836712045,5558.840429016595,986.9517081506051,1381.7323914108472
AC-105443,0.0816650418509877,4209.5232213308855,343.77089004269135,481.27924605976796
AC-103428,0.047834075099196474,5920.146177725991,283.184716863566,396.4586036089924
AC-100812,0.4127042219402844,7886.137189339501,3254.6421128407,4556.498957976981
AC-107810,0.04037772116604023,5820.258851616757,235.00878902475893,329.01230463466254
AC-107534,0.13130986293781857,7646.770263385783,1004.0963552021741,1405.734897283044
AC-108945,0.046893609902589624,4048.6812484180186,189.85727908324412,265.8001907165418
AC-103913,0.04629089179487363,6533.758242062944,302.45349579719954,423.4348941160794
AC-102156,0.3097693750699081,5480.23563413464,1697.609167621729,2376.652834670421
AC-104255,0.039588751884337456,5326.991861199379,210.8889590829072,295.2445427160701
AC-100979,0.10853225490871556,4550.494665668277,493.8754470150598,691.4256258210838
AC-106475,0.16119230310055188,5550.355218865242,894.6745407550561,1252.5443570570787
AC-100616,0.05527392799462965,5665.846883591559,313.17361267223663,438.4430577411313
AC-103622,0.11330878565267648,5670.8280312570705,642.5546378668968,899.5764930136555
AC-105264,0.3736173795881084,14304.635526285107,5344.460441293604,7482.244617811047
AC-108747,0.4108026189586077,8430.380419474746,3463.2223551375914,4848.511297192628
AC-107460,0.03945488302745182,5250.552132306173,207.1599202096778,290.02388829354896
AC-105569,0.0679132747006279,4237.619295065964,287.790603262496,402.90684456749443
AC-105391,0.12484637623996826,7358.638394943544,918.6993376689978,1286.1790727365972
AC-109303,0.08422679821467265,6699.429258123953,564.2714762774802,789.9800667884724
AC-108582,0.06950879016718706,6562.799189469795,456.1722317702413,638.6411244783379
AC-104272,0.09232456883509385,6941.046184963618,640.8290962912391,897.1607348077349
AC-104896,0.10266148934906177,8383.880186190316,860.7016264383872,1204.982277013742
AC-108420,0.041858222313304674,4152.429659653365,173.8133238341306,243.33865336778288
AC-104862,0.05959101318017672,4406.505225876961,262.58811099375157,367.62335539125223
AC-109893,0.10888746987712691,7082.818656763611,771.2302031335003,1079.7222843869004
AC-102995,0.029248427924106805,4752.591095256631,139.0058181023654,194.60814534331158
AC-103270,0.17332746643074223,9023.803657600127,1564.073025540295,2189.7022357564133
AC-106212,0.06945484443398206,5605.11730626343,389.3025505407471,545.0235707570461
AC-105234,0.33827116450563977,6147.624978494697,2079.5642604193595,2911.3899645871033
AC-104566,0.09333175467109588,6301.831800365358,588.16101957021,823.425427398294
AC-103477,0.3079639509880018,7631.826792528244,2350.327532283087,3290.4585451963217
AC-101817,0.07976144836032531,5693.08680476203,454.08884918887605,635.7243888644265
AC-106532,0.03828249662257723,5783.824882829513,221.41925654249897,309.9869591594986
AC-107946,0.11610845687453447,8181.089213858339,949.89364417399,1329.851101843586
AC-108007,0.08462899131719853,7225.783395484788,611.5107602364395,856.1150643310154
AC-100923,0.16981049591211875,6319.464481685067,1073.1113975339617,1502.3559565475466
AC-103882,0.11526701940101657,9770.959126472035,1126.269335197592,1576.777069276629
AC-104220,0.08722695849794332,5470.06475370314,477.13711125232635,667.991955753257
AC-105709,0.620288801228807,9726.922487738026,6033.5010895645455,8446.901525390365
AC-108726,0.05042671370689846,4713.999239085833,237.7114900439185,332.79608606148594
AC-108871,0.19063635340073123,6531.228632620344,1245.0896097491866,1743.1254536488614
AC-107672,0.054168599453287385,3874.4412173992714,209.8730544106083,293.82227617485165
AC-105838,0.1270429231655952,6844.916943101955,869.5982572773826,1217.4375601883357
AC-102439,0.06620552851294353,4722.086282687127,312.62821802902215,437.67950524063104
AC-108442,0.057762608685263325,5901.941692471304,340.91154846546067,477.27616785164497
AC-109466,0.10410757514855609,5964.444723553694,620.943877276775,869.321428187485
AC-104230,0.5015566709390905,13662.78142962933,6852.659169613315,9593.722837458641
AC-108308,0.584105824020749,10114.094203759118,5907.7013291102,8270.781860754281
AC-109298,0.06698551835700373,6171.8678305490785,413.42576586024603,578.7960722043445
AC-102773,0.45303461313992555,10909.02008693468,4942.16369482013,6919.029172748184
AC-102420,0.17114037816211325,8824.568737218362,1510.2400308051126,2114.336043127158
AC-105197,0.5802092794677665,10335.566334282903,5996.791495705587,8395.508093987823
AC-108377,0.13656138584638414,7529.891577308001,1028.292429070196,1439.6094006982746
AC-108134,0.07311685035248472,4988.1044650077765,364.71448771053446,510.6002827947483
AC-107256,0.037613154595518374,3944.093301856555,148.34979110187913,207.6897075426308
AC-106833,0.48703885581949913,9206.417302492053,4483.882949202569,6277.436128883597
AC-104926,0.3153073706714438,11261.40467287655,3550.8038974718156,4971.125456460542
AC-100267,0.4024941643203272,10270.608814199502,4133.860111732215,5787.404156425102
AC-103648,0.4241512525815822,9515.5375589463,4036.0271746141643,5650.438044459831
AC-101366,0.08222520780305277,7216.455335167133,593.3745395355663,830.724355349793
AC-105290,0.1916116690224773,8256.724687673279,1582.0847980641697,2214.918717289838
AC-108435,0.06508189412699532,7834.293389115974,509.87065291026516,713.8189140743713
AC-101934,0.09215083472325808,4577.866872919758,421.8542535915069,590.5959550281098
AC-104713,0.09278356596778621,4545.490976648005,421.74686188779714,590.445606642916
AC-102961,0.09263276556354763,5640.045500525093,522.4530126178827,731.4342176650358
AC-106588,0.0934198894715958,7487.111799227449,699.4451567453091,979.2232194434328
AC-107372,0.08048831652148115,5322.1007733870265,428.3669316075946,599.7137042506325
AC-102171,0.12742591638324896,4545.707522360553,579.2409466470217,810.9373253058304
AC-108658,0.050077287105772264,4888.743008745867,244.8149872353037,342.7409821294252
AC-109524,0.0484394541375416,5166.75552037585,250.2748170691359,350.3847438967903
AC-109926,0.3877470724183776,7434.425869798359,2882.676866125764,4035.7476125760695
AC-100943,0.04110739791777515,3816.910488703663,156.90325827567108,219.66456158593954
AC-101819,0.2565021830414663,9498.962109569253,2436.5045177326856,3411.10632482576
AC-102885,0.11638884989991892,5014.527309232268,583.6350663132787,817.0890928385902
AC-105864,0.18764809104078345,9133.7661766303,1713.9337870575512,2399.507301880572
AC-107900,0.5555097236956165,15418.104932733464,8564.907211092788,11990.870095529905
AC-105805,0.07961619325616576,7787.5535493180705,620.015368375247,868.0215157253459
AC-107317,0.09243294206242224,6902.884761784901,638.053947249641,893.2755261494975
AC-101053,0.44073056743534395,10823.20581459416,4770.117640135598,6678.164696189838
AC-100867,0.09481871807262252,5910.016503025228,560.3801886048956,784.5322640468539
AC-104374,0.04091243130915711,4787.612656941784,195.8728739619819,274.22202354677466
AC-106703,0.0506261351775317,5951.602376343811,301.3066264277007,421.829276998781
AC-100241,0.06072246597486553,5791.750684192293,351.6893838557707,492.365137398079
AC-100207,0.08625762992887888,6016.77560933974,518.992803875532,726.5899254257448
AC-102918,0.06328211774801598,5671.431447591619,358.90019266629355,502.460269732811
AC-106001,0.07941571559453028,6636.470410057851,527.04004663667,737.856065291338
AC-101036,0.055554213636118455,3934.5399769322585,218.58027443834325,306.0123842136806
AC-105853,0.08278245653766302,4906.268055430061,406.1529220607635,568.614090885069
AC-103339,0.06667072967246206,7916.955581943033,527.8292054326135,738.9608876056591
AC-106097,0.09364585027634774,5710.669839112441,534.7805327311785,748.69274582365
AC-106121,0.05734986501081378,5623.694031054915,322.5180935431186,451.5253309603661
AC-105526,0.059649886033180326,5696.361028187022,339.78728613520576,475.7022005892881
AC-105286,0.07408295729843119,6213.73829222623,460.33210856662254,644.4649519932716
AC-100887,0.06496625897051878,4827.564489905046,313.6288048480516,439.08032678727227
AC-105047,0.04379122476617514,5848.804294054352,256.12630345430443,358.5768248360262
AC-107408,0.21371900515751566,10987.56862079657,2348.2522347365793,3287.553128631211
AC-100194,0.04173601994216412,4924.359834954907,205.52318027406997,287.732452383698
AC-105387,0.09481764582388122,6029.165179086334,571.6712485642854,800.3397479899996
AC-105425,0.05084159320771644,6815.324362369714,346.50194881024044,485.10272833433663
AC-106564,0.05713490532827578,6071.903125646687,346.9176102462853,485.6846543447994
AC-106516,0.1015232835275025,5733.635712714579,582.0975241053361,814.9365337474707
AC-100961,0.11586702078787992,8068.90723465812,934.920242293607,1308.88833921105
AC-109413,0.10376816494041352,8838.347114853512,917.1390612147471,1283.9946857006462
AC-100071,0.3230973412545265,9743.738888900263,3148.176128882009,4407.446580434813
AC-101583,0.06548872528884506,6866.3671299276575,449.66963070418785,629.5374829858631
AC-109333,0.03978190672504006,3620.6647327334276,144.03694668024332,201.65172535234066
AC-104914,0.1000567297762718,5557.821308353213,556.0974247947028,778.536394712584
AC-101169,0.18358313092352696,9116.2212440402,1673.5844381724698,2343.018213441458
AC-104210,0.17451972201422997,9317.320175999992,1626.0561270330948,2276.478577846333
AC-104227,0.09632214060020478,7285.253888826286,701.7312493877141,982.4237491427998
AC-101327,0.25087441017663076,8164.92404775041,2048.3705046163727,2867.718706462922
AC-104509,0.035944759332099264,4969.0727052143375,178.6121224926328,250.05697148968596
AC-102786,0.10766488112248973,10188.197461719446,1096.911068568476,1535.6754959958664
AC-104071,0.1178792485909836,7292.888825788171,859.6802548414903,1203.5523567780865
AC-106755,0.04745968201346311,4402.610659454946,208.94650192681485,292.52510269754083
AC-108962,0.04317350201807631,5295.293040692793,228.6163447786557,320.062882690118
AC-106254,0.12305285179334831,6731.6879561520855,828.3534003874504,1159.6947605424307
AC-106162,0.07149121666724595,5298.804547357841,378.81798397254755,530.3451775615666
AC-100340,0.07587519349475945,4897.992505429393,371.6361290853368,520.2905807194716
AC-107987,0.05234045500864268,5768.174436983999,301.9088746009638,422.6724244413494
AC-100237,0.0981644524452749,10033.375620993664,984.920824012613,1378.8891536176584
AC-103056,0.18848927412152267,9594.535763163349,1808.467081531649,2531.853914144309
AC-104632,0.06542933295850865,5583.725073002319,365.33940695024177,511.4751697303385
AC-103876,0.15796047217819745,5595.792674853155,883.914053131103,1237.4796743835443
AC-105890,0.06193022782332644,6325.4024293544735,391.7336135241451,548.4270589338032
AC-102663,0.056258807973960746,6652.652446590659,374.270296510244,523.9784151143417
AC-102137,0.09073423686309547,6707.802773028688,608.6273656389135,852.0783118944789
AC-109285,0.2004578436658989,7148.451080929262,1432.963089234244,2006.148324927942
AC-101001,0.14681787772125465,9760.8849245857,1433.0724093090612,2006.301373032686
AC-104991,0.05313468248080156,3512.526342154863,186.63697189585,261.29176065419
AC-107697,0.046500096933156695,4881.369469134487,226.9841534813053,317.7778148738274
AC-108483,0.057939533690104114,3721.4178015692246,215.61721208897328,301.8640969245626
AC-108738,0.035080120670259785,4659.490228028771,163.45547946114556,228.83767124560381
AC-102051,0.2828823442570019,11592.261221070657,3279.2460294560033,4590.944441238405
AC-102495,0.05763290361826631,6250.3671323863755,360.2268065196036,504.3175291274451
AC-104961,0.28927625813657726,9409.2044388942,2721.859452125387,3810.6032329755426
AC-108404,0.10928804794109626,4649.505810772069,508.1354139500635,711.3895795300889
AC-103499,0.23229530455686245,6629.620697578785,1540.0297590405428,2156.0416626567603
AC-102583,0.04683003127200302,7350.874538802063,344.2416845286714,481.93835834014
AC-105807,0.04531186570360601,4395.827546769677,199.18314745543944,278.85640643761525
AC-103962,0.1978849940235175,5623.778750135302,1112.861424360109,1558.0059941041527
AC-103586,0.05244844563273235,6777.138106922209,355.4503595464281,497.6305033649994
AC-100868,0.11819856619524806,7343.7166372122765,868.0167770626797,1215.2234878877516
AC-109715,0.44501651203540404,10239.815681552858,4556.887058490087,6379.641881886122
AC-108257,0.10447071636501198,4748.052487960074,496.0324447558664,694.445422658213
AC-103292,0.08318643840355165,5063.09596828351,421.1809208968869,589.6532892556418
AC-106265,0.17418991724001848,7686.949671331994,1338.9891270775072,1874.5847779085102
AC-104370,0.03855644910784448,4484.302432683305,172.89877852993706,242.0582899419119
AC-106500,0.10447821996408775,8548.587794777095,893.1412360050372,1250.3977304070522
AC-105957,0.04377265042243914,4790.458437990188,209.69106256936837,293.56748759711576
AC-102913,0.4260985803868629,9013.270308685596,3840.541683173994,5376.758356443592
AC-102424,0.4314436174487041,11768.950930030407,5077.638762828609,7108.694267960053
AC-108568,0.20264953582028397,9138.81704164007,1851.977031434861,2592.7678440088057
AC-108670,0.3931941490992743,9405.512180294227,3698.1923585736486,5177.469302003108
AC-103593,0.06098966238373091,6076.792982694111,370.62155239033893,518.8701733464745
AC-101862,0.10750085755789218,6681.6878060119925,718.2871690804003,1005.6020367125606
AC-106656,0.07929789087341259,5617.254316848351,445.4364198256463,623.6109877559048
AC-104141,0.5138309460068259,19603.695561558427,10072.98543562538,14102.179609875533
AC-100455,0.10015375154884618,5775.492836385256,578.4372746074698,809.8121844504578
AC-108106,0.14502382168621694,5749.104429375508,833.7570956211936,1167.2599338696712
AC-106027,0.11977089946756139,9372.337540599587,1122.5332973512047,1571.5466162916869
AC-104056,0.12712862108920808,7865.540945467592,999.935374518001,1399.9095243252016
AC-107129,0.18877147295163849,7299.150686043556,1377.8714263004047,1929.0199968205668
AC-107589,0.08018318560162943,6687.500369376961,536.2250833287183,750.7151166602056
AC-106883,0.10134500495017543,3433.8085122326247,347.9993406701699,487.1990769382379
AC-105492,0.6066992576563678,10147.357235726025,6156.3941020889515,8618.951742924533
AC-106483,0.11303050530504548,5025.975423063067,568.0885417195582,795.3239584073815
AC-100876,0.3239553819865922,11236.48935540725,3640.1212013192326,5096.169681846926
AC-108795,0.07685826688318632,4946.966962451119,380.21530706237365,532.3014298873231
AC-108236,0.0644755440276124,5742.948215047331,370.27971048758224,518.3915946826152
AC-101793,0.08800243234932265,5518.241355386148,485.618661564604,679.8661261904457
AC-108613,0.37518158984244615,8498.955200815397,3188.6515242416467,4464.112133938306
AC-107303,0.19919705074427976,8013.519789098675,1596.2695080693788,2234.7773112971304
AC-102494,0.6181595870235224,11420.891647478575,7059.933664245752,9883.907129944053
AC-106570,0.16340450812295157,8492.636503685622,1387.7350905517724,1942.8291267724815
AC-109429,0.15487633083883273,8957.491659543974,1387.3034417496174,1942.2248184494645
AC-104962,0.11518053273588594,7812.2917221893495,899.823922449921,1259.7534914298897
AC-109230,0.03960442285681866,5318.566849489659,210.63877049944625,294.8942786992248
AC-105454,0.05699195542477922,5994.291025085696,341.6263669048381,478.2769136667734
AC-103676,0.22676791730611817,8681.313799758855,1968.6434498521785,2756.1008297930503
AC-106053,0.04321535512353556,3914.7881175131524,169.17895873172813,236.8505422244194
AC-107587,0.05126545226872285,4791.018784044954,245.6137447920112,343.8592427088157
AC-104670,0.03594890277032287,5336.2142754014485,191.83104814801558,268.5634674072218
AC-101114,0.2683764225546595,9188.736713748187,2466.0402870323965,3452.4564018453552
AC-100056,0.21732736485489673,6416.358750278547,1394.450339161695,1952.2304748263732
AC-104881,0.03516013554145139,4765.4725752054665,167.55466166329361,234.5765263286111
AC-100108,0.04410675027573681,5220.144237386081,230.24359828171444,322.34103759440023
AC-100006,0.04947428040232864,5672.076310614935,280.62189385476904,392.8706513966767
AC-104305,0.029364071591414853,4006.928898336306,117.65974703245634,164.72364584543888
AC-106269,0.0700901880041925,5786.693005197528,405.5904006568404,567.8265609195767
AC-107078,0.15675846992277517,10015.573350377912,1570.0259538045646,2198.0363353263906
AC-105928,0.03721456219008352,4377.739292385956,162.91565114846938,228.08191160785717
AC-104850,0.5024765959375777,8065.8056831191825,4052.878583147695,5674.030016406773
AC-102569,0.15268764709182486,11216.561175333101,1712.6303343231248,2397.682468052375
AC-104574,0.14804483932345827,4951.592072633857,733.0576527883891,1026.2807139037448
AC-106845,0.11339061852079459,3428.772741498295,388.7906619257322,544.3069266960251
AC-100921,0.3455961438989518,18141.83359484365,6269.747733634425,8777.646827088196
AC-109050,0.09071440838324892,5050.840915271799,458.1840454667887,641.4576636535043
AC-101138,0.06284943154420586,6208.7211800008245,390.2145967795228,546.300435491332
AC-104978,0.08723676633245367,6506.396560658235,567.5969964284227,794.6357949997919
AC-102232,0.4609026905814122,8613.134763799917,3969.816986975678,5557.743781765949
AC-106764,0.4728764519917388,7265.470964889143,3435.6701319257727,4809.938184696082
AC-108656,0.08073840113249593,5816.432569001931,469.60946591619177,657.4532522826686
AC-104394,0.10942209948936808,4726.4763739333775,517.1809680226858,724.0533552317602
AC-101544,0.05088823424166542,5635.642829660323,286.78791241811666,401.5030773853634
AC-109311,0.04902025573263549,5896.941940773865,289.06960197723873,404.69744276813424
AC-102164,0.06492804694603513,5247.193992817745,340.6900579006241,476.96608106087376
AC-108929,0.10366974125443579,6420.944947887101,665.6577013564324,931.9207818990055
AC-101371,0.09924833582114706,8777.622176233279,871.1643934579481,1219.6301508411275
AC-106054,0.4219738410771066,9181.734225022963,3874.4516586820705,5424.2323221548995
AC-100721,0.06260878782858084,5798.029699673035,363.0076112906393,508.2106558068951
AC-100465,0.03794446028012656,6993.278271490306,265.35616960043603,371.4986374406105
AC-107823,0.04464861612678454,4711.069980573319,210.34275510903646,294.47985715265105
AC-103487,0.32111933086687416,8790.487436316094,2822.7954435434885,3951.913620960884
AC-100414,0.08965929865995809,5277.822238548847,473.2058403602196,662.4881765043075
AC-106610,0.5258734709283902,14817.666855278609,7792.217900245926,10909.105060344298
AC-100841,0.026002091640576815,3743.372605492794,97.33551753284843,136.2697245459878
AC-101390,0.11024037810229377,6823.146043774672,752.1861997128897,1053.0606795980457
AC-101372,0.10376005314071854,6016.388439879018,624.2607842370516,873.9650979318723
AC-100654,0.14267451226625694,6042.343239700687,862.0883746696104,1206.9237245374547
AC-104020,0.047780854135627465,5373.273688842845,256.7396063574049,359.4354489003669
AC-104768,0.11042529439097049,6870.516851097228,758.678845900535,1062.150384260749
AC-103340,0.09007723337225483,5292.340060913211,476.7193507522127,667.4070910530978
AC-103358,0.04588957186351668,3191.8874299942568,146.474347598977,205.06408663856783
AC-100634,0.17966383224470386,5178.841879750085,930.4505787052661,1302.6308101873726
AC-108583,0.10094096379020762,7496.574097517436,756.7114145281158,1059.3959803393623
AC-106765,0.09242915305780718,8961.055649244092,828.2627841635099,1159.5678978289138
AC-109886,0.11588697110646018,5024.7078725116335,582.2981760401586,815.2174464562222
AC-105536,0.33201051540453735,6475.068033370248,2149.7906750387,3009.7069450541803
AC-109925,0.03730132256811539,4561.288526663164,170.14209465930648,238.1989325230291
AC-106442,0.07462116094234993,4377.110171906678,326.6250426002452,457.27505964034333
AC-107623,0.5882069842553724,8667.036043395012,5098.011133517995,7137.215586925195
AC-105288,0.04973422608836165,5468.103920305568,271.95191664713377,380.73268330598734
AC-102857,0.19820918624907757,5997.1540629756455,1188.691026632752,1664.1674372858529
AC-109361,0.34244028944778365,10232.26177986445,3503.938685602276,4905.514159843187
AC-105287,0.18241005868109494,7308.722625314184,1333.1845229674066,1866.4583321543694
AC-107804,0.12136869599763511,4389.246119362871,532.7170779197519,745.8039090876528
AC-101120,0.0352537096449306,4757.322525184334,167.71326699013656,234.7985737861912
AC-105129,0.417466343363099,7497.259997512625,3129.853716404032,4381.795202965645
AC-102404,0.07094645529856047,5716.521684376228,405.5669501438497,567.7937302013896
AC-108345,0.11157920447379127,5952.893021848355,664.2190676954227,929.9066947735919
AC-109443,0.1807171453544316,10006.016162591257,1808.258677273796,2531.5621481833145
AC-103920,0.057485346061051344,4846.421525625361,278.5982185583023,390.0375059816232
AC-109177,0.0331019882699827,5711.3745042341025,189.05785184463554,264.68099258248975
AC-108252,0.13487440914118237,5466.414112967134,737.2793736074628,1032.1911230504481
AC-106789,0.058128690469774195,4370.922981181927,254.0760290403469,355.7064406564857
AC-100547,0.4632387404587359,7729.7032470646445,3580.6979962900273,5012.977194806039
AC-105374,0.0822638465716648,4649.550597281034,382.48991696191945,535.4858837466873
AC-104166,0.08949727466301127,5510.520837831651,493.17659695966626,690.4472357435328
AC-102763,0.21962012055242364,5768.867762315469,1266.9594334107137,1773.7432067749994
AC-109241,0.06935542344417685,7634.175022964136,529.4714413646361,741.2600179104907
AC-103133,0.0862193521956468,5561.928587378768,479.5458797622463,671.3642316671448
AC-104939,0.05491558739403314,6274.5110505948305,344.5684599537671,482.395843935274
AC-101570,0.07250164142654908,7877.223777453927,571.111653749651,799.5563152495115
AC-107762,0.3349569885804998,7838.426648096261,2625.535785255465,3675.750099357651
AC-102032,0.10495887973069201,5965.019032202683,626.0817151922503,876.5144012691504
AC-100478,0.06015691705746625,5009.888724018605,301.37946043792266,421.9312446130918
AC-107735,0.039094657517779255,5434.218868114324,212.44892552558355,297.42849573581697
AC-101266,0.12966476710223185,4914.071913296675,637.1819901612322,892.0547862257251
AC-100621,0.08217930454908189,5965.607096523632,490.2494424053797,686.3492193675316
AC-108925,0.1814373224783479,9508.349980153944,1725.169561586184,2415.2373862206578
AC-106771,0.08328697427446141,9747.0552423244,811.8027392192266,1136.5238349069173
AC-103662,0.038729253373489196,4779.023295848463,185.08800410272255,259.1232057438116
AC-104334,0.06484563169569536,6573.225843036721,426.24498207018587,596.7429748982603
AC-106573,0.06744451776074371,4792.408107442984,323.2216537191705,452.51031520683875
AC-101644,0.09498010486882022,5009.356964148836,475.7892497802113,666.1049496922959
AC-104600,0.049174883667142,6613.102162205715,325.19852950539126,455.2779413075478
AC-106827,0.07730097388894352,4194.43599096185,324.2339870161869,453.92758182266175
AC-109441,0.07688320782934548,5055.179220901458,388.6583946551556,544.1217525172178
AC-106616,0.09504031029761915,6258.542066389192,594.8137800003313,832.7392920004639
AC-101867,0.06615107228321368,7850.078458113072,519.2911075115364,727.0075505161511
AC-108866,0.08424739169920992,5111.980343194115,430.67101033173617,602.9394144644307
AC-108940,0.15831525801733015,5713.4869446748835,904.5321598248515,1266.3450237547922
AC-108822,0.11150697307128722,4437.044293627237,494.7613785656009,692.6659299918414
AC-102801,0.11806005406038804,4659.544138785338,550.1060329217612,770.1484460904658
AC-102319,0.1840966412813419,7601.8745610573515,1399.4795741327337,1959.2714037858273
AC-102375,0.1346163419417522,8723.00513987078,1174.259042668507,1643.96265973591
AC-109117,0.12634512362454858,5597.237325935766,707.1836419012922,990.0570986618092
AC-109116,0.18419741141378965,5651.266241532023,1040.9486129003346,1457.3280580604687
AC-105559,0.03910237150479238,4782.124886869451,186.9924239086825,261.7893934721555
AC-108223,0.08304939405129776,6360.620880988117,528.2457099560949,739.5439939385328
AC-106745,0.04126857166203294,4983.1109785970175,205.64587252009412,287.9042215281318
AC-104669,0.04582843782529859,4032.2324421754547,184.79091377338972,258.7072792827456
AC-103561,0.06985653068654454,5596.992190364938,390.9864566985785,547.38103937801
AC-105022,0.0419983868782589,4940.605075244024,207.49744336278795,290.49642070790316
AC-102031,0.1874612815276833,9533.302485027263,1787.1251010342585,2501.975141447962
AC-104412,0.062028881418539725,4716.771818597649,292.57607981410354,409.606511739745
AC-108024,0.04335020664702006,5637.370651004819,244.3811826669049,342.1336557336669
AC-105540,0.13378877454123664,5771.124700317541,772.1117013801454,1080.9563819322036
AC-108268,0.04020206832788256,5218.64838712385,209.80045903834713,293.720642653686
AC-100098,0.08497155345356745,5369.732424161642,456.27450571100525,638.7843079954074
AC-100712,0.1926581012556124,5819.329255077374,1121.140924864444,1569.597294810222
AC-109814,0.20758021292540832,11110.30503214485,2306.2794842388635,3228.791277934409
AC-100771,0.43952050958597044,7024.311584569123,3087.3290071404563,4322.260609996639
AC-104678,0.21518439646430323,8610.618168616698,1852.8706737983482,2594.018943317688
AC-100144,0.09599931750140675,9475.464530248051,909.6381279126007,1273.493379077641
AC-109506,0.08554005516272423,5241.600567999056,448.3668017276059,627.7135224186483
AC-105205,0.08291306947429913,4415.212510857231,366.0788216565003,512.5103503191004
AC-108885,0.18787770768973044,5863.928181801557,1101.7013848540855,1542.3819387957199
AC-103376,0.044425990835195585,4032.7390670301065,179.1584288326147,250.8218003656606
AC-102667,0.13388449999477808,5509.031321892257,737.5739039871162,1032.6034655819628
AC-104970,0.033315579850255864,4818.425985159185,160.5286556611186,224.74011792556604
AC-100806,0.05413850616463729,5298.756961028945,286.8667863995803,401.6135009594124
AC-105379,0.37386223532402946,10390.591345394734,3884.64970672779,5438.509589418906
AC-104120,0.029661396674098804,4438.965794195832,131.6659252443986,184.33229534215806
AC-103735,0.15453120328904002,5503.713140130044,850.4954141019966,1190.6935797427955
AC-105919,0.04951635314388913,6004.296536795271,297.31086769658515,416.2352147752192
AC-106930,0.06346518523698572,6341.185855324568,402.44453493032745,563.4223489024585
AC-109987,0.04749894172949675,6869.4265515908055,326.2904914890695,456.8066880846973
AC-104653,0.08461176938786488,7260.988812786759,614.36511095538,860.1111553375322
AC-101741,0.03224277039299282,4491.764992753791,144.82694732064357,202.757726248901
AC-109249,0.07755625741135191,6502.8752780617515,504.33866897927385,706.0741365709835
AC-105099,0.07372250417327714,6373.700237772411,469.88514237839405,657.8391993297518
AC-107620,0.4021794717082265,9453.047518460044,3801.8216570070217,5322.550319809831
AC-109065,0.2212351993763243,5785.825386137771,1280.0282328587882,1792.0395260023038
AC-104931,0.13040636328277397,8143.038355886961,1061.9040180633574,1486.6656252887005
AC-109757,0.22657200222944404,7896.56162786837,1789.1397787543347,2504.7956902560686
AC-108240,0.05071638010308617,5085.993543158808,257.9431817366841,361.12045443135776
AC-107380,0.1588392333689885,5145.658392022146,817.3324341674997,1144.2654078344997
AC-100489,0.04157487196356496,5429.422619346821,225.7275502354276,316.0185703295987
AC-101016,0.06921445151679566,3655.59074340068,253.01970827435335,354.22759158409474
AC-100099,0.16386020576951985,9009.231956692302,1476.2546022489344,2066.7564431485084
AC-102221,0.048212473683850246,5035.880542774335,242.7922581435211,339.9091614009296
AC-101336,0.3351121467513897,6533.278840998935,2189.3810977325843,3065.133536825618
AC-108981,0.05135574322580926,7836.200019597168,402.43387607251367,563.4074265015192
AC-104823,0.05599149366504128,5436.097926242463,304.3752425997489,426.12533963964853
AC-108920,0.09321664177142534,5969.377379673915,556.4453127995131,779.0234379193184
AC-105933,0.12229408482883772,6556.929375190772,801.8736772262781,1122.6231481167895
AC-100732,0.09196212992664543,4926.146619891792,453.0189354961942,634.226509694672
AC-107737,0.0381952481847479,3884.8760799850593,148.38380604201987,207.73732845882785
AC-105677,0.11372016483179456,5554.093629950059,631.6124430891409,884.2574203247974
AC-105038,0.09279904635379771,4797.588101636187,445.2116006301649,623.2962408822309
AC-104501,0.11455252395839227,5983.495468105673,685.4245079651067,959.5943111511496
AC-104945,0.14227654252019614,7895.70176716523,1123.3731482028718,1572.7224074840206
AC-107875,0.05255956047031546,3959.8130837424196,208.12603522610604,291.3764493165485
AC-105626,0.047311771669788526,5805.950392795904,274.6897993100788,384.5657190341104
AC-105548,0.058952071135845864,6886.341617202899,405.9641008830812,568.3497412363137
AC-107848,0.18804451334813663,6135.672274968846,1153.779507010171,1615.2913098142396
AC-108524,0.5077942018657405,8600.672238860843,4367.371495041174,6114.320093057644
AC-107444,0.1168149142826456,6545.02666525776,764.556728879715,1070.3794204316011
AC-102338,0.111606138650166,7214.537010546542,805.1866178958114,1127.2612650541362
AC-109628,0.05074742919614834,6443.07768318815,326.96962853287414,457.75747994602386
AC-109703,0.1423232239171109,22269.704547592373,3169.4961468948927,4437.29460565285
AC-105176,0.3378533419960228,8658.087195305667,2925.163694226991,4095.229171917788
AC-103447,0.0641096150673352,7216.223263294593,462.6292956497659,647.6810139096723
AC-106527,0.1975985822934093,7420.766007757618,1466.332842664028,2052.8659797296395
AC-108830,0.07808138013329356,7110.17309553668,555.1721282861162,777.2409796005627
AC-104788,0.06334526928168716,6324.701922845122,400.6399464290288,560.8959250006403
AC-104770,0.37726466738390974,21753.211085145496,8206.717944569395,11489.405122397153
AC-106640,0.6205843985716646,9948.374849478736,6173.806222729236,8643.32871182093
AC-100577,0.13126604509161408,5493.692883050701,721.1353377060127,1009.5894727884179
AC-101130,0.27497400522424,7104.24629332795,1953.4830573758472,2734.8762803261866
AC-105558,0.03436794936451841,4569.35664722513,157.03941788025887,219.85518503236244
AC-103118,0.1201174558000074,4469.358588339958,536.8479826893084,751.5871757650318
AC-103251,0.1474321105333103,6834.551827430503,1007.6324004673718,1410.6853606543207
AC-102362,0.17670473878046242,6507.056107394476,1149.8276496869535,1609.758709561735
AC-107412,0.09453262867433261,4371.697041384461,413.26801308987575,578.5752183258261
AC-101226,0.12524121956093393,7082.584634840376,887.0315373109405,1241.8441522353169
AC-104311,0.522290416150646,9607.388784673261,5017.847086468047,7024.985921055266
AC-105459,0.029055261783381914,4285.085542311843,124.50428219605566,174.30599507447792
AC-104125,0.04420949921795705,4487.262825414634,198.37964237093598,277.7314993193104
AC-108379,0.11432758793072148,5820.550749541547,665.449527623438,931.6293386728133
AC-106917,0.11614158255499733,6727.829530486838,781.3807688309861,1093.9330763633807
AC-105232,0.11715244228325494,6527.280875670183,764.686896053545,1070.561654474963
AC-105844,0.12589712922785315,8484.680532206323,1068.1969214202293,1495.4756899883212
AC-107164,0.18491763284928361,8103.038703148691,1498.394735872385,2097.752630221339
AC-109563,0.2167937069530004,5840.888866099987,1266.2679491823235,1772.7751288552531
AC-104517,0.07885012404505394,5477.1090814891095,431.87073048370775,604.6190226771909
AC-102183,0.04929999600595509,6850.336811509066,337.7215774468441,472.8102084255818
AC-102390,0.08206833316438296,5967.831857662809,489.77001316368984,685.6780184291658
AC-101576,0.05989427163850776,7496.942005855319,449.0238809568377,628.6334333395728
AC-102128,0.14500237982164355,9911.891231058213,1437.247817036721,2012.1469438514096
AC-108798,0.3800161114049345,7606.47996485344,2890.584937723147,4046.8189128124063
AC-100904,0.05735067365189199,4299.244615770908,246.56457490873112,345.1904048722236
AC-101188,0.025113276713304305,3970.1618879618923,99.70377408900164,139.5852837246023
AC-107283,0.07148288331668826,5073.723686427359,362.6843982580043,507.7581575612061
AC-100174,0.3012312621804665,12059.381200618609,3632.6626201777326,5085.727668248826
AC-109436,0.044301308334993274,5132.2022099393025,227.36327254005494,318.30858155607694
AC-104504,0.04844871749037091,6719.067152259338,325.5301862586437,455.74226076210124
AC-105471,0.1088515568603875,6001.458467753458,653.2680976479195,914.5753367070873
AC-104528,0.04813115588365274,5201.409756462969,250.34986380307143,350.48980932430004
AC-107197,0.17531263085892662,5917.464738060272,1037.4063112442755,1452.3688357419858
AC-105629,0.10238859640289037,4214.03312860117,431.46893723275457,604.0565121258564
AC-100896,0.4332954369542213,10785.012167052684,4673.096559479686,6542.335183271562
AC-103570,0.10990827991445712,4808.482998623478,528.4920953766174,739.8889335272644
AC-101124,0.09445686996709467,7313.162240368352,690.7784147867402,967.0897807014363
AC-107205,0.09977377687022213,4595.663896632485,458.52674419314513,641.9374418704033
AC-102174,0.06542461716252221,4931.274890951194,322.62677186364033,451.6774806090965
AC-107578,0.17213943303624735,7996.671912005932,1376.5425691095852,1927.1595967534195
AC-106439,0.2305590463265478,9188.904480483028,2118.5850538059094,2966.0190753282736
AC-109517,0.11975616853316094,7855.414659997757,940.7343619205545,1317.0281066887765
AC-103281,0.058547365544480645,5601.6014004128265,327.95900482444443,459.14260675422224
AC-107258,0.030682939875482963,4429.426314705307,135.90782129698502,190.27094981577903
AC-101861,0.18603335299852752,8575.964892621463,1595.4155041720278,2233.5817058408393
AC-100394,0.04259046211477693,4198.998649453719,178.8372928995581,250.37221005938136
AC-105952,0.05733020315275692,4106.60025185777,235.43222670616868,329.6051173886362
AC-107068,0.06955790152379379,6377.839639011958,443.6291415449423,621.0807981629192
AC-107369,0.04800277126198729,4932.448550350121,236.77119952397766,331.47967933356875
AC-109958,0.08569634491261807,4724.272301111247,404.85286857715727,566.7940160080202
AC-106296,0.24107181479358306,9094.584035642043,2192.4478782649758,3069.427029570966
AC-104907,0.29151253366998603,11845.97027812049,3453.248809554253,4834.548333375955
AC-104445,0.1364147296439108,6725.504799017299,917.4579188767694,1284.4410864274773
AC-109570,0.03546397167064685,4026.3624543548663,142.7908040169971,199.90712562379596
AC-105737,0.08873629772310995,7906.140848758149,701.5616681962443,982.1863354747421
AC-106305,0.14997234182317576,7122.355700805454,1068.15636374744,1495.4189092464162
AC-103522,0.07778971938912717,6456.387952035447,502.2406070561788,703.1368498786504
AC-103084,0.1660693713875964,5569.554800901204,924.9324646944325,1294.9054505722056
AC-105519,0.04003928233670888,5437.670630036647,217.72042961006696,304.8086014540938
AC-109431,0.33107929738246517,7931.677818392155,2626.014319177359,3676.420046848303
AC-100878,0.049121841031322895,4089.1957437665837,200.86882327126432,281.21635257977005
AC-108565,0.032279084176659985,3966.700802889577,128.04146912009742,179.2580567681364
AC-106998,0.045360082911230795,5129.39870813127,232.66995068559453,325.7379309598324
AC-101753,0.12892503351900567,4257.953683277389,548.956821338911,768.5395498744755
AC-104381,0.14231582072937365,5061.53242285957,720.3361409075949,1008.4705972706329
AC-103286,0.09585411896465583,5759.9400454071,552.1139783417373,772.9595696784322
AC-104038,0.43742460430095675,18559.69711697613,8118.468167338892,11365.85543427445
AC-109755,0.06542437769499963,5196.766281384195,339.9951999859183,475.99327998028565
AC-100065,0.048996083596390586,5740.545237269831,281.26423433413447,393.76992806778827
AC-107440,0.04237200338838797,4600.934869404938,194.9508278761784,272.9311590266498
AC-108259,0.41364737804113294,7528.22970264827,3114.032477791835,4359.6454689085695
AC-105430,0.048485300382073424,4626.780319660438,224.33083360060203,314.06316704084287
AC-102644,0.13580786805354425,6109.356504252821,829.6986820216295,1161.5781548302814
AC-100546,0.13031857227052085,5378.639197839144,700.9365810206567,981.3112134289195
AC-104890,0.2961455294783109,18764.164395903517,5556.9234002429175,7779.692760340085
AC-101033,0.06277692862714504,5638.779129015613,353.9852349264482,495.5793288970275
AC-102433,0.24045673629414704,7764.875563941591,1867.1166358355695,2613.9632901697973
AC-102302,0.19038116216128878,6702.546209152222,1276.0385367381407,1786.4539514333972
AC-100137,0.16183652720045694,5341.76675321276,864.4929804548134,1210.2901726367388
AC-104872,0.11241160264537725,5610.894054491996,630.7295929388639,883.0214301144096
AC-106524,0.26453932043803724,7378.711609086242,1951.9593547759307,2732.743096686303
AC-103790,0.03280284784870869,5455.604926285089,178.95937831959537,250.54312964743355
AC-109464,0.07408338523386351,7724.185222587971,572.2337894627004,801.1273052477807
AC-107568,0.0706517704503779,5951.404504462316,420.47726490661665,588.6681708692633
AC-102792,0.09247193718058655,4959.398376152918,458.6051750931156,642.0472451303618
AC-106980,0.05097105272779273,3811.80555813804,194.29174209194744,272.00843892872643
AC-106514,0.06314292263183637,4557.1885315159125,287.75420286420126,402.8558840098818
AC-107550,0.26302358057965125,6752.755313693004,1776.1338813858,2486.5874339401203
AC-105649,0.08921999539293317,5775.922389965035,515.3277690226199,721.458876631668
AC-107428,0.11893090441551772,6829.138823832068,812.1956566974728,1137.073919376462
AC-100692,0.05028456405884557,4538.349883887151,228.20894545777782,319.492523640889
AC-102654,0.06832097760652785,6125.93583204497,418.52992480017093,585.9418947202394
AC-104113,0.25975435940507957,11666.954182802117,3030.542209962178,4242.759093947049
AC-104621,0.21407292357051172,7249.655444700977,1551.9549359260163,2172.736910296423
AC-100991,0.1662975760913611,5317.9503337017295,884.3622502688424,1238.1071503763796
AC-107228,0.04970091682404339,6015.314991635719,298.9666700697081,418.55333809759134
AC-100858,0.11519564052716999,6499.8670612704545,748.7563494645041,1048.2588892503059
AC-101561,0.034768012718313875,4336.331303070376,150.7656218959734,211.07187065436278
AC-104376,0.6606424761056079,10041.911540974575,6634.113305262924,9287.758627368094
AC-101737,0.04772783072454914,4872.374343053789,232.54785787190755,325.5670010206706
AC-103982,0.6738961123373615,12136.487926448457,8178.73203106294,11450.224843488117
AC-102466,0.13877375741200304,9276.667398057636,1287.357991089888,1802.3011875258433
AC-103067,0.08752264589091967,6267.016558306479,548.5058710251881,767.9082194352634
AC-104935,0.04613572438835168,5845.854077439933,269.7027125312906,377.5837975438069
AC-107494,0.25032155622749463,9713.167769864514,2431.415272051229,3403.981380871721
AC-108079,0.06987228642130983,5243.6149262868785,366.3833640125722,512.9367096176011
AC-100403,0.050844384054268034,4784.507787601185,243.2653514634309,340.5714920488033
AC-103652,0.10249997781062987,5836.499081825001,598.2410263788242,837.537436930354
AC-103173,0.15120609586218675,9674.502535793743,1462.8437578461976,2047.9812609846767
AC-105478,0.05082393137712812,6003.742925047337,305.1338184285243,427.18734579993406
AC-102376,0.02874179877410844,4967.669107333221,142.77974585932634,199.8916442030569
AC-102122,0.049318537613642605,5375.460335600266,265.1098427519456,371.1537798527239
AC-101566,0.3689294961579557,7696.908867225978,2839.6167103593816,3975.4633945031346
AC-108304,0.038262887075662985,5352.98393420883,204.82061979247064,286.7488677094589
AC-106425,0.06631890560702429,7083.115818657365,469.74448938115836,657.6422851336217
AC-103332,0.13372667218805862,3368.910969905767,450.51325290334313,630.7185540646805
AC-107331,0.7057700315157622,11518.023672579564,8129.075930395774,11380.706302554085
AC-107009,0.1278905787993011,7884.151882073476,1008.308747539976,1411.6322465559665
AC-104779,0.073078381142707,4152.459250359512,303.4549997773318,424.8369996882646
AC-103667,0.05178391073346112,5155.026274092886,266.94742040627267,373.7263885687818
AC-104051,0.3530413350377781,7028.435956466861,2481.3284132985837,3473.8597786180176
AC-100365,0.2858925819281015,22243.52654599761,6359.259235421523,8902.962929590132
AC-103000,0.05625663692530589,5606.008315927865,315.3751744293994,441.52524420115924
AC-102346,0.25727814927930015,15877.059798873623,4084.820561050983,5718.748785471377
AC-103592,0.08347576519855501,7978.347619607642,665.9986725668178,932.3981415935451
AC-106819,0.18325206559640253,5612.7996004818415,1028.5571205669603,1439.9799687937445
AC-108560,0.03817033517317758,4151.797198675886,158.47549064451832,221.86568690232568
AC-100698,0.04920302032585885,5154.3508876289925,253.60963149061791,355.0534840868651
AC-101554,0.08125623587939167,7589.686801861683,616.7093810227788,863.3931334318903
AC-101642,0.048680511263407056,5571.799589687103,271.23805268320984,379.7332737564938
AC-106281,0.035859422149173634,3571.7870627638063,128.08222011060428,179.315108154846
AC-103234,0.36601314544903046,8460.372912878247,3096.6077015143433,4335.250782120081
AC-101848,0.20921663044544467,5722.01423851612,1197.1405383431995,1675.9967536804795
AC-107923,0.06897605752495208,5194.3552882730055,358.2861491689578,501.60060883654097
AC-107237,0.4467403366274242,8407.496681938945,3755.967897883356,5258.355057036699
AC-106809,0.07424015037089542,5692.456534986411,422.6088291371774,591.6523607920484
AC-105103,0.12879280787715708,9255.818277604727,1192.0828251734245,1668.9159552427943
AC-106416,0.09035015844904605,6741.367002515281,609.0835768404262,852.7170075765968
AC-106913,0.07978335267918289,6196.287017139566,494.3605523898882,692.1047733458436
AC-109577,0.18357846369254768,5582.568623490915,1024.839371358683,1434.7751199021561
AC-108672,0.45585066731072516,10724.389751559987,4888.720224748922,6844.208314648492
AC-107972,0.06780816144571038,7344.723749998108,498.03221381401505,697.2450993396211
AC-106707,0.1252278894706962,6229.335309766137,780.086513647299,1092.1211191062187
AC-108443,0.05513587053881494,6666.229523037073,367.5483679641981,514.5677151498775
AC-100766,0.12490890099025397,7395.348790438805,923.744889853315,1293.2428457946412
AC-105384,0.2042276629254561,6225.724720144542,1271.4652096123589,1780.0512934573026
AC-109956,0.47153597701457806,14773.725314961988,6966.343000535606,9752.880200749849
AC-104257,0.40963761759006995,11522.568186767847,4720.077380546712,6608.108332765398
AC-108919,0.04923414423587893,6597.895155076923,324.841721718264,454.7784104055697
AC-106015,0.1634498802729528,8865.016858183984,1448.9859440878804,2028.5803217230327
AC-104903,0.09261514956564952,5124.2417064749525,474.5824120557169,664.4153768780037
AC-105715,0.0450565719150086,5142.108793221088,231.68579463656403,324.3601124911897
AC-104273,0.10031942505671837,6630.10393450556,665.1282147758841,931.1795006862378
AC-109245,0.35713477892886575,9377.890467571411,3349.170838955233,4688.8391745373265
AC-103505,0.07421447382595507,6477.3649505837775,480.7142315862585,672.999924220762
AC-107054,0.3335141373801464,7347.685554172298,2450.557009340337,3430.7798130764722
AC-107571,0.09454536365429966,6608.553336905109,624.8080784665291,874.7313098531408
AC-106061,0.06684127946276373,4456.193998168788,297.85770837189045,417.00079172064665
AC-100164,0.10427655433635973,8787.382286904261,916.3179465147372,1282.8451251206322
AC-107921,0.13771832642168427,11594.074201307576,1596.716495412905,2235.4030935780675
AC-103771,0.044204266842968076,4245.858743783349,187.6850728877484,262.75910204284776
AC-101217,0.2590728620613519,8392.84982589743,2174.3596252463662,3044.103475344913
AC-103661,0.2383755704728365,6062.087160722724,1445.0534851933369,2023.0748792706718
AC-104915,0.10057118805207844,8119.777636957489,816.6156836675128,1143.261957134518
AC-107795,0.05322222021451,6782.8993693278435,361.0009639272275,505.4013494981185
AC-108748,0.06890088751670691,4154.490629666692,286.2480915638776,400.7473281894287
AC-102176,0.10212576780224399,8161.917902707651,833.5421325528997,1166.9589855740596
AC-106354,0.07021603469139799,5631.932569172592,395.45197265663694,553.6327617192918
AC-109798,0.05201151668222361,5567.506760003324,289.57447072630566,405.40425901682795
AC-101669,0.07697618620675956,6537.973022599663,503.26822880240223,704.5755203233632
AC-103331,0.10461532446824362,5788.834490323052,605.6007984981057,847.8411178973481
AC-102200,0.44938223515140874,7861.28443490517,3532.7215705186645,4945.810198726131
AC-100116,0.19828500467871182,5694.8363227645705,1129.2006469038708,1580.8809056654193
AC-109545,0.6151788915823234,11515.115823501797,7083.856188743909,9917.398664241473
AC-107966,0.08138496817549895,7176.372747107345,584.0488676388493,817.6684146943891
AC-103265,0.08290736367700483,4685.875833601856,388.49361188171724,543.8910566344042
AC-103609,0.09161613503859495,4975.717493619642,455.8560058093563,638.1984081330988
AC-100286,0.07060474561140563,4557.679409474626,321.7937952842974,450.5113133980164
AC-109474,0.27613744832499887,9633.997600642602,2660.30751461061,3724.430520454854
AC-107518,0.07151048066770864,5251.207742106678,375.5163897240415,525.7229456136582
AC-103968,0.13621675620262252,9418.046846466172,1282.8957911899604,1796.0541076659447
AC-107767,0.5696235941796658,10541.370639549474,6004.613431280173,8406.458803792244
AC-102140,0.04427884858839032,5654.825470516832,250.38916080278784,350.544825123903
AC-105997,0.09926115331396074,9512.166470915035,944.1886144174142,1321.86406018438
AC-109422,0.08134524769677981,4756.462322853749,386.9156058129389,541.6818481381146
AC-102538,0.0576517437977779,3960.1378818869193,228.3088545704195,319.63239639858733
AC-106066,0.275952811421775,5802.4671070741315,1601.2071113794802,2241.6899559312724
AC-109583,0.042537534891301805,6695.548426493691,284.81212480837627,398.73697473172683
AC-101611,0.09103591612718384,7162.667180634518,652.0599687031764,912.8839561844471
AC-104682,0.04311411405913357,4778.625534085296,206.0262063224415,288.4366888514181
AC-109115,0.09550304128376692,4075.090147509028,389.18350259262655,544.8569036296773
AC-101594,0.04122218819767747,4685.271017503951,193.1371236406717,270.3919730969404
AC-108455,0.0916384151169602,5903.307414649199,540.9697354266524,757.3576295973135
AC-106601,0.08146576526142696,8557.12106632431,697.1124161027877,975.9573825439029
AC-101285,0.14093099048510355,7161.1356468233225,1009.2259397049935,1412.916315586991
AC-101851,0.1216474005970589,6027.135788754519,733.1854017474916,1026.4595624464882
AC-105495,0.17517658077670106,6967.587243762174,1220.5581096256165,1708.7813534758632
AC-107887,0.20275732322417384,6661.837698133342,1350.7363794274083,1891.030931198372
AC-109033,0.043106386783628825,5650.23610575979,243.5612629937062,340.9857681911887
AC-101333,0.14401663362861453,10096.022021717288,1453.9951046080828,2035.593146451316
AC-106895,0.06540141492737563,6928.780807839184,453.15206855432734,634.4128959760584
AC-104007,0.057288471371971364,6311.547104669981,361.578885618735,506.210439866229
AC-105704,0.11280724974627693,5617.16285905677,633.656693507128,887.1193709099794
AC-109803,0.0636714222189738,4649.217306142506,296.02227808715946,414.4311893220233
AC-107721,0.4226818433937013,12604.482676927768,5327.685972907803,7458.760362070925
AC-103308,0.07635749016031394,5342.990252865665,407.9773256598433,571.1682559237806
AC-102487,0.14627989841600153,7378.291124809439,1079.2956762208103,1511.0139467091344
AC-105398,0.21658561670548387,7831.0004669230975,1696.0820655494713,2374.51489176926
AC-103590,0.04441552258128084,5809.385123916627,258.02687615467596,361.2376266165464
AC-107180,0.055422576735537715,7747.935229818616,429.4105348165983,601.1747487432376
AC-104471,0.050774944094836946,3041.6155846678635,154.43786126949556,216.2130057772938
AC-104169,0.15144546315985682,8982.393193915568,1360.342697536489,1904.4797765510846
AC-100650,0.21432702167106285,7750.5626773627555,1661.1550149140583,2325.6170208796816
AC-101854,0.06604123263149915,5978.943395287016,394.85679165871517,552.7995083222013
AC-101273,0.11502546142923131,5884.8649878825345,676.9093106799163,947.6730349518829
AC-103971,0.06719130161230812,5466.749225461927,367.31799604686415,514.2451944656099
AC-102490,0.20170448655966247,6542.2520218946065,1319.6015850201652,1847.4422190282314
AC-104865,0.5958180141165287,9805.444893136711,5842.260703757774,8179.164985260883
AC-108495,0.05915659646596118,4340.648773972655,256.7780079223695,359.4892110913174
AC-104560,0.21578424323212048,10633.206597116376,2294.478438689548,3212.2698141653677
AC-104452,0.22885063320102725,10231.248160438145,2341.4276199531146,3277.9986679343606
AC-108628,0.16415204402765307,5088.667522433267,835.3151751845538,1169.4412452583754
AC-105348,0.14273339960461948,7551.957236073951,1077.916529973541,1509.0831419629574
AC-100769,0.07589115901163548,5752.657219832943,436.5758238097748,611.2061533336848
AC-106982,0.41229478090376614,9021.073573311483,3719.3415524252127,5207.078173395298
AC-104100,0.05114259789225975,4966.503524245385,253.99989267097266,355.59984973936173
AC-106020,0.19117805145250316,7144.444654725692,1365.8610078007096,1912.2054109209935
AC-105692,0.2982025747544994,21427.246287526483,6389.660012839186,8945.52401797486
AC-105481,0.4069884186216748,10467.75495459892,4260.255035491416,5964.357049687982
AC-109440,0.0717851859533313,6753.382775096596,484.79283832433373,678.7099736540673
AC-108895,0.301485517449171,12269.647100485809,3699.120905008685,5178.76926701216
AC-107569,0.0708096732490891,5631.071216919816,398.7343129124427,558.2280380774198
AC-108388,0.4605994222800059,15323.649839125583,7058.064263122348,9881.289968371288
AC-108225,0.08584036115554207,3892.5167562106835,334.1350441571242,467.7890618199739
AC-108017,0.18412124348335668,5662.423254530073,1042.5724107531526,1459.6013750544137
AC-102827,0.09622508406218509,10462.639903577881,1006.7684042341538,1409.4757659278155
AC-103385,0.14050291564091535,6145.075149116162,863.4009752833534,1208.7613653966948
AC-103062,0.11753192666897722,5409.909918785768,635.8371358605013,890.171990204702
AC-108554,0.042520315183908204,5685.984445860398,241.76985076878378,338.4777910762973
AC-109582,0.04103527710250023,6254.025544302737,256.6356712165777,359.2899397032088
AC-108454,0.07107221839091438,3907.815162427882,277.737092655401,388.8319297175614
AC-107442,0.3101628193349863,6398.240292212975,1984.4962478154828,2778.2947469416763
AC-109825,0.20222170073851448,5749.3577342315975,1162.6448991704458,1627.7028588386243
AC-105993,0.08705978833217237,5585.3024232063,486.2552467355099,680.757345429714
AC-103669,0.08835483275454044,9986.302440396568,882.3380819574978,1235.273314740497
AC-105866,0.09097261901712057,9096.014038337775,827.4882196840828,1158.483507557716
AC-107077,0.12768548192845466,7026.033795331859,897.1225112025579,1255.9715156835812
AC-101624,0.04042841326676434,4385.756024530794,177.3091570469324,248.23281986570538
AC-106952,0.07799277060005344,8563.233921877467,667.8703388635852,935.0184744090193
AC-105357,0.12301875035004092,5710.265765484394,702.46975863651,983.4576620911141
AC-109927,0.059043912225465435,6019.523164914103,355.4161973883442,497.5826763436819
AC-109274,0.039297490800209355,4340.133292880744,170.55634814866337,238.77888740812875
AC-101980,0.07907723866385731,5958.230056530301,471.16038019441464,659.6245322721805
AC-104840,0.10442606007379127,9647.969208887362,1007.49941219736,1410.4991770763042
AC-100756,0.13628704086631388,4704.584554335807,641.1739074157932,897.6434703821106
AC-106338,0.04710433107533366,5113.270306947012,240.857177416105,337.20004838254704
AC-101584,0.09715601672896078,8168.427978645985,793.6119253426406,1111.0566954796968
AC-100581,0.06661720443658851,6700.50996119283,446.3692419141805,624.9169386798528
AC-106869,0.3764562230070525,7880.913266215185,2966.818842045542,4153.54637886376
AC-105123,0.0523861081609433,6989.589385967169,366.15738557385737,512.6203398034004
AC-101509,0.18966965270789782,9874.37961240296,1872.870151790416,2622.0182125065826
AC-101646,0.24011145185621618,7652.706972554713,1837.5025818103009,2572.5036145344216
AC-102064,0.1598729273569398,10241.751402416396,1637.3787779663528,2292.3302891528942
AC-107030,0.038054256173503026,4166.2106081381835,158.54204575485628,221.9588640567988
AC-103087,0.05667698665208548,5004.045634949405,283.61422765845407,397.05991872183574
AC-105698,0.10762117095446022,5449.964621895944,586.5315742688235,821.144203976353
AC-102234,0.09705765966485005,3334.749428569945,323.6629751056949,453.1281651479729
AC-105991,0.10319697155952647,5718.142349114234,590.0949733748655,826.1329627248118
AC-109574,0.08952637962899127,9167.595698089275,820.7416527522477,1149.0383138531467
AC-105124,0.043518659007226096,4584.476673095249,199.51027706301448,279.3143878882203
AC-109473,0.1250903736754296,5236.718305083586,655.0630496158681,917.0882694622154
AC-104831,0.10042768305411968,6028.367749010612,605.4150056313147,847.5810078838406
AC-100077,0.37828805161918355,7488.839216913953,2832.9383962557117,3966.113754757997
AC-104207,0.051137865576238534,4243.780042046717,217.01785332530895,303.82499465543253
AC-102740,0.07176619360276959,7410.320015723263,531.8104609068743,744.534645269624
AC-104968,0.08015449620309992,5242.154296299326,420.18223663878825,588.2551312943036
AC-101928,0.04848363193624662,3774.272656732796,182.99044631607256,256.1866248425016
AC-106144,0.05027314118287112,4286.92447037115,215.51715913927384,301.7240227949834
AC-100471,0.0423714731385527,4264.295698772828,180.68449065539866,252.95828691755815
AC-105765,0.11344171028539277,8577.963276557228,973.0988248579436,1362.338354801121
AC-106922,0.04812455872514009,5441.957673722263,261.8918116487738,366.6485363082833
AC-100294,0.05414734591481733,6186.134911566201,334.962786932303,468.94790170522424
AC-102652,0.1526058241529823,5586.9300337084105,852.5980622791211,1193.6372871907697
AC-104104,0.03513325106320166,4975.256210142211,174.7969255346795,244.71569574855133
AC-102386,0.4571051619398383,10574.957177587039,4833.867513167779,6767.414518434892
AC-101422,0.3578310824968343,7124.111118298919,2549.228393288635,3568.919750604089
AC-101183,0.0911418265708061,7335.585174382773,668.5786317589713,936.0100844625598
AC-102744,0.09669060511537866,6768.424153174011,654.4430270479395,916.2202378671154
AC-106037,0.11427175567827011,4784.724475768989,546.7588662829129,765.4624127960781
AC-100242,0.09913043762334756,5371.48352309785,532.4775123312905,745.4685172638068
AC-107376,0.11230117501099526,4881.410444259064,548.1881286012373,767.4633800417323
AC-102813,0.13481890375055372,5564.039177044655,750.1376622742935,1050.192727184011
AC-103435,0.2108688627763896,8708.55183146937,1836.3624211311912,2570.907389583668
AC-107450,0.28340694002910766,11470.763327624476,3250.8939344801574,4551.251508272221
AC-104849,0.09197061235905736,5174.423945808885,475.894938901413,666.2529144619783
AC-106311,0.10827089525839702,4795.929907713317,519.2596247046423,726.9634745864993
AC-105561,0.14558858465159316,6796.369071378035,989.4737538717907,1385.263255420507
AC-101079,0.05507795165321779,5852.415969731233,322.3390838353766,451.27471736952725
AC-105292,0.15311102293167533,4557.606092994582,697.8197310180366,976.9476234252513
AC-109684,0.1076153263996578,5341.4138764770505,574.8179977527393,804.7451968538351
AC-103610,0.3810497417696025,12439.096469561795,4739.914497573696,6635.880296603175
AC-105821,0.1023170419201005,5633.650150531008,576.4184186150616,806.9857860610863
AC-103722,0.10120498984348003,9416.207974198507,952.9672323928556,1334.154125349998
AC-109547,0.20645883234562779,6437.578120289338,1329.094861848698,1860.7328065881773
AC-106227,0.1299505038972024,7691.969272825024,999.5752829654093,1399.405396151573
AC-101973,0.29634010106296116,5787.476054988752,1715.0612390348347,2401.0857346487687
AC-108728,0.030527165991351506,4161.094602439446,127.02642563438577,177.8369958881401
AC-108461,0.0963298039604571,6957.265715362143,670.1920424616445,938.2688594463024
AC-108235,0.2162235252205789,5617.436760974823,1214.6219791616468,1700.4707708263056
AC-109671,0.6519604987111784,11770.884917876028,7674.152001330344,10743.812801862483
AC-109591,0.7063069599354672,11256.078699750919,7950.246727215438,11130.345418101615
AC-101585,0.07335554624199336,5673.443001068396,416.1785104161863,582.6499145826609
AC-100448,0.07689240385405958,5983.045839741335,460.05077698674177,644.0710877814386
AC-101419,0.08839403836163084,5532.143775650733,489.0085291269282,684.6119407776995
AC-108580,0.24775969174084952,9537.865877597716,2363.0987096991776,3308.338193578849
AC-109716,0.04552599322915568,5127.212850871544,233.4214575332179,326.7900405465051
AC-104984,0.13132044653384845,6161.55758944856,809.1384939904077,1132.793891586571
AC-107890,0.16741099109814972,7104.794914490143,1189.4207581838887,1665.1890614574443
AC-107397,0.06165421281656771,4894.4970632341465,301.7663635667037,422.47290899338526
AC-101211,0.07087669812900094,5862.352587095249,415.5041946413176,581.7058724978447
AC-102528,0.07368411569533953,7470.621302138848,550.4661243428669,770.6525740800138
AC-105184,0.05886934197657146,5575.49345301572,328.2256307737177,459.5158830832048
AC-105513,0.6800637058176862,9594.740617615098,6525.034860774798,9135.048805084718
AC-104484,0.05769952703274916,5765.6587975024195,332.67578564809884,465.7460999073384
AC-101835,0.23350830976435874,7345.233069590223,1715.1729589052854,2401.2421424674
AC-103858,0.051273046428877915,6981.663716217949,357.9711678724552,501.15963502143734
AC-103840,0.03425536092838157,4527.043669752876,155.07551484592977,217.1057207843017
AC-100396,0.05876378945772709,5642.588497726592,331.5798824769981,464.21183546779736
AC-102331,0.3969666949194303,7490.747274075098,2973.5771878663236,4163.008063012853
AC-109003,0.08539166045318622,7743.560024424755,661.2354483045451,925.7296276263633
AC-108948,0.1321088018837704,6621.186018903398,874.7169520068993,1224.603732809659
AC-106396,0.05007282860491447,5214.224656751944,261.0909775450591,365.5273685630828
AC-100007,0.028317449933246443,4064.4656691251394,115.09530309085014,161.1334243271902
AC-106954,0.0663336387661036,4395.9031506368865,291.5962516451239,408.23475230317354
AC-103694,0.06099044956278222,4486.248835840569,273.61833334842464,383.06566668779453
AC-108833,0.053806789398266615,5702.318264472028,306.8234379383356,429.55281311366986
AC-106447,0.13667009946533412,5390.797917604599,736.7608875965366,1031.4652426351513
AC-108972,0.05229673200698642,4190.187508362211,219.1331131838407,306.786358457377
AC-106341,0.042298019697872974,5573.338315151603,235.74117383719266,330.03764337206974
AC-106918,0.14969241014930273,9018.377837322287,1349.9827141058295,1889.9757997481615
AC-106178,0.11083052806770327,5219.534772391546,578.4837950918944,809.8773131286523
AC-108759,0.08329255743749112,7134.489187857781,594.2498504668035,831.949790653525
AC-106790,0.40596060172377413,12035.252676812019,4885.838418576271,6840.17378600678
AC-102389,0.07096902873963835,6141.439678739948,435.8520090632507,610.192812688551
AC-107089,0.18638055668420747,9504.203553889078,1771.3987492138695,2479.9582488994174
AC-104079,0.17313941569029528,5414.836761918921,937.5216730169726,1312.5303422237619
AC-101412,0.13539683728181034,7503.643648713795,1015.9696181255914,1422.357465375828
AC-101113,0.19329123671031542,5964.105716913871,1152.8093698933446,1613.9331178506827
AC-103689,0.04096050880316384,4514.8416384800585,184.9302106778531,258.9022949489944
AC-104061,0.13136361282763137,10402.397204977186,1366.4964789138578,1913.095070479401
AC-106415,0.11063456274359358,7181.613848726174,794.5347079471564,1112.348591126019
AC-101434,0.05535599454008218,6007.84979716096,332.57050056927596,465.5987007969864
AC-102662,0.601411208809009,10738.678184545148,6458.361427978231,9041.705999169524
AC-107820,0.17937725473669888,9493.234925650497,1702.870419533736,2384.0185873472306
AC-104355,0.04077206171132057,3674.870269739608,149.83203741892058,209.76485238648883
AC-105424,0.045258588998073425,5989.312520944552,271.0678337664445,379.4949672730223
AC-107025,0.36221957255099213,6935.919163568025,2512.325674675845,3517.255944546184
AC-107969,0.03319376625594236,4476.814398717462,148.60233072226455,208.04326301117038
AC-109531,0.05655747040622084,5644.626003196693,319.24576812998157,446.94407538197424
AC-105364,0.6277944116248204,11944.719528076956,7498.828168152575,10498.359435413606
AC-101099,0.07265166049589461,7943.998967096949,577.144715937265,808.0026023121711
AC-101656,0.1708143562314845,5656.188944317237,966.1582732471887,1352.6215825460642
AC-103863,0.0845884697243795,6530.943991964819,552.4425581359343,773.419581390308
AC-101955,0.14499526394436324,4821.232935312024,699.055941992824,978.6783187899538
AC-100303,0.030070552909527377,4382.981952583418,131.79869070666328,184.51816698932862
AC-109164,0.3837106461364905,9053.664480751115,3473.9874478120037,4863.582426936806
AC-103323,0.04614335325695212,4418.668945438411,203.8922020748887,285.4490829048442
AC-107037,0.03613612323888613,5157.392698950848,186.3681781606194,260.9154494248672
AC-105850,0.14683392916079904,4543.855280176294,667.1921243263287,934.0689740568603
AC-107020,0.6089076125424625,19534.244800164553,11894.55036408821,16652.370509723496
AC-102052,0.0518603190680939,5128.416883069342,265.9613358701757,372.345870218246
AC-104841,0.03916916578257697,5440.918421087863,213.11623564506743,298.3627299030944
AC-102065,0.047226316693204824,5732.050009266112,270.70360903888906,378.9850526544447
AC-103364,0.048271053311602925,5230.952398894876,252.50358211751177,353.50501496451653
AC-108226,0.20489007914066956,5823.31826483265,1193.1401401428682,1670.3961962000155
AC-101972,0.446004770833626,8520.500484172784,3800.1838658312818,5320.257412163795
AC-108102,0.07033120963065233,6612.935703123666,465.0957672104158,651.1340740945822
AC-103935,0.09951662852228721,8388.019187636899,834.7473895338786,1168.6463453474303
AC-103258,0.25594732580030055,19594.88582816791,5015.258627081784,7021.362077914498
AC-103444,0.027834939403914988,3708.2402323854367,103.21864216360827,144.5060990290516
AC-102311,0.05512853825919632,4810.203619455246,265.1794942696631,371.2512919775284
AC-101045,0.1116574565927117,5932.951190915649,662.4582400663413,927.441536092878
AC-102131,0.05227297185142751,4974.541642780871,260.03407526683844,364.0477053735739
AC-108513,0.43099313590100075,9371.420458265035,4039.017891154441,5654.625047616218
AC-103868,0.07111613130470756,4937.470888363799,351.133828010051,491.58735921407145
AC-100664,0.2373030746215213,7776.112997005653,1845.2955227938141,2583.41373191134
AC-106313,0.09857084736443081,6927.212138337223,682.8211703490708,955.9496384886993
AC-100724,0.1144336325601868,5719.776745174657,654.5348303836179,916.3487625370651
AC-100569,0.052613993857071585,5169.140641381761,271.9691339519991,380.75678753279874
AC-101077,0.10565039274442616,4759.103922581789,502.80119853230514,703.9216779452272
AC-103016,0.07196943375045892,5593.964658399775,402.5944688851111,563.6322564391556
AC-103430,0.08806283027417905,10588.202441001284,932.4270744705443,1305.397904258762
AC-104335,0.053644623722217226,6157.1675113342935,330.29893434018885,462.41850807626446
AC-106799,0.18617184235801612,9011.737468674144,1677.7317673898299,2348.824474345762
AC-105909,0.04451899383939678,6349.047525250527,282.6532076626656,395.71449072773186
AC-103933,0.054128703922139795,5212.945700035451,282.16999435941074,395.03799210317504
AC-104136,0.1064076979568884,5565.232175387017,592.1835443785387,829.0569621299543
AC-102929,0.09754327379895314,7392.419304222563,721.0807802284481,1009.5130923198275
AC-108250,0.2810953322791044,10057.915707889144,2827.233157944322,3958.1264211220514
AC-108959,0.07832643244456547,5536.492772545301,433.6537271285945,607.1152179800323
AC-109218,0.04134686923954746,6238.054765308057,257.92403469032814,361.0936485664594
AC-105584,0.41839887365334816,7676.312063370487,3211.7603211258206,4496.4644495761495
AC-100853,0.05539092493480521,3988.7894103432573,220.9427348090693,309.31982873269703
AC-101771,0.043368654519967985,5519.253572731983,239.36260140391235,335.10764196547734
AC-106289,0.15493944525511563,4306.948363216786,667.316190139237,934.242666194932
AC-106939,0.06870801178225325,8748.776781033128,601.1110581515278,841.555481412139
AC-109773,0.18867185972302652,6152.860247260219,1160.8715854664663,1625.220219653053
AC-108605,0.07855975241558666,4274.715623383351,335.82060102003624,470.1488414280508
AC-105435,0.0783847000197441,3269.8253568488594,256.30427971355056,358.8259915989708
AC-104748,0.07070778138444572,7061.403681697202,499.2961877927659,699.0146629098723
AC-103985,0.12088062583668342,6415.6558084939425,775.5284892835009,1085.7398849969013
AC-102988,0.30482732813368507,15986.936934679457,4873.255270840064,6822.557379176091
AC-104274,0.032545881076576896,4667.276610826761,151.90062952745663,212.6608813384393
AC-104648,0.06374266896987364,6327.584053804991,403.33709572074264,564.6719340090398
AC-102408,0.17327026920730856,6843.770251603947,1185.8219138883858,1660.1506794437403
AC-104699,0.04175447886288354,5158.49820525668,215.39040427561272,301.54656598585785
AC-103969,0.04415578263297121,5169.26683325666,228.2530226611085,319.5542317255519
AC-100988,0.12982770088938964,5344.451733302135,693.8578810489296,971.4010334685015
AC-107701,0.34098744711513723,7088.340216852775,2417.035034828186,3383.8490487594604
AC-100953,0.16017269220417688,4156.530714315957,665.7627147413373,932.0678006378723
AC-102571,0.04314478975119189,5567.722212837632,240.21820426592046,336.3054859722887
AC-105576,0.10101453954476776,8650.078045059414,873.7836507479816,1223.2971110471744
AC-105924,0.12844318223661813,6594.610427102665,847.0327488678497,1185.8458484149896
AC-101050,0.22189868438072494,5465.902684030527,1212.8766145394472,1698.0272603552264
AC-104453,0.03918200692152908,4247.844051196889,166.43905501557265,233.01467702180173
AC-108353,0.07990186403390444,6070.12168290872,485.0140373770277,679.0196523278388
AC-103387,0.08252092332709278,4553.403712154957,375.7510786080389,526.0515100512545
AC-103536,0.3433927305175812,7090.1300770791395,2434.699126893034,3408.5787776502484
AC-104116,0.15025745000979318,10083.433350714513,1515.1109826220672,2121.1553756708945
AC-107452,0.061810736035442314,4416.520764393812,272.98839916299585,382.18375882819424
AC-103658,0.07408665864332364,4201.982024553804,311.31080787849965,435.83513102989957
AC-102957,0.0671739824095358,5762.64234886569,387.0996357751499,541.93949008521
AC-106183,0.05814480895012959,4990.3422452194945,290.16249644404826,406.2274950216676
AC-108687,0.2266499174625906,7518.431671579133,1704.0519178115376,2385.672684936153
AC-106670,0.4451311431014288,16061.331667135877,7149.39892472337,10009.158494612719
AC-101338,0.05940635913261529,7322.582715430292,435.00797857113326,609.0111699995866
AC-104428,0.2634158922003851,13770.455642315794,3627.3568590264417,5078.299602637019
AC-103883,0.10115537856933982,7924.465459672024,801.602303532781,1122.2432249458934
AC-101225,0.49771268357715287,16885.118957584466,8403.937868898822,11765.513016458352
AC-101326,0.5292894396801422,7908.166786226443,4185.709167178905,5859.9928340504675
AC-105757,0.05009958251841036,5882.314218647895,294.7014865963688,412.58208123491636
AC-105233,0.11488609207137696,7279.771212892341,836.344465822909,1170.8822521520726
AC-108206,0.3141098898685634,11394.450941899362,3579.1097304727573,5010.75362266186
AC-102247,0.21034402779386385,6860.794443700844,1443.1271371537969,2020.3779920153158
AC-104288,0.2861742994745277,5675.912428795424,1624.3002631892955,2274.0203684650137
AC-108245,0.16669873056646928,5436.064127816198,906.1849893848813,1268.658985138834
AC-105276,0.09503346028778745,5796.498167793174,550.8612784372052,771.2057898120873
AC-104205,0.0437000102785171,5623.357092931945,245.74076276089804,344.03706786525726
AC-102211,0.28962892582016875,10500.87016273226,3041.355745409205,4257.898043572887
AC-109602,0.1001344756150869,6619.922924637192,662.8825106708376,928.0355149391728
AC-102034,0.47259645678939316,14217.687761439662,6719.228859794303,9406.920403712025
AC-102534,0.05344342932455888,4526.737360199251,241.9243681806489,338.69411545290853
AC-106363,0.06385751090414665,4380.274218902934,279.71340869674657,391.5987721754452
AC-104133,0.04961522936180215,4303.797926472102,213.53392124876183,298.9474897482666
AC-109536,0.6519682523921619,9019.075225146322,5880.150712732092,8232.21099782493
AC-108463,0.1870224218084337,6271.733027839833,1172.9546998025464,1642.136579723565
AC-101922,0.19531340543716072,8391.881460564366,1639.0469460878005,2294.6657245229208
AC-109261,0.28751210225310403,8810.909203939753,2533.243027985942,3546.540239180319
AC-101155,0.06997223043200065,6861.20712072292,480.0939656929079,672.1315519700711
AC-101383,0.08110206474516163,4066.01119837014,329.76190346476733,461.6666648506743
AC-107281,0.5631182049359491,11435.974599008496,6439.805487886774,9015.727683041485
AC-103626,0.03153590950929483,5387.663056265523,169.90485460896033,237.8667964525445
AC-100574,0.06273214469066989,6051.935185347887,379.65087370579977,531.5112231881197
AC-101101,0.07713118015248509,7306.453319047661,563.5553672271877,788.9775141180629
AC-102250,0.12099124902903632,6394.633324332577,773.6946729936973,1083.1725421911763
AC-108115,0.04373381684885131,4686.870974055677,204.9747567735483,286.96465948296765
AC-103833,0.09697051554025818,5421.792297474824,525.7539942383346,736.0555919336686
AC-101919,0.04014369502526287,4436.900000069432,178.11356046037608,249.35898464452654
AC-108944,0.0391416824310596,4692.130907675351,183.65789791318804,257.12105707846325
AC-100432,0.27253114588774996,9607.400167885124,2618.315776755894,3665.6420874582523
AC-105966,0.34089851358508594,16941.74090399439,5775.414291715338,8085.580008401474
AC-107184,0.20446697724797072,5517.384291554996,1128.1228884096863,1579.372043773561
AC-101073,0.08195374673956225,4656.590517449341,381.6250399368904,534.2750559116466
AC-101160,0.1085504712724813,5607.136578905347,608.6573181293439,852.1202453810816
AC-107949,0.4105085912401294,9181.387427401103,3769.0384184522627,5276.6537858331685
AC-105662,0.12276785404508232,4328.484026608701,531.3986952151672,743.9581733012342
AC-108215,0.5259015612352553,10095.508931506265,5309.243908543609,7432.941471961053
AC-105279,0.06682069573455438,6752.771851427524,451.224913249102,631.7148785487428
AC-106109,0.3269668391779718,12087.727575518158,3952.286078211581,5533.200509496213
AC-104733,0.05745573779427736,4944.340505316924,284.080731639114,397.71302429475963
AC-105710,0.04078271192100193,4837.624061717281,197.2914284911231,276.2079998875724
AC-105880,0.22269890951927657,6152.656082926641,1370.1898003149065,1918.2657204408692
AC-108131,0.07025842752390575,6295.069297304001,442.28166998259746,619.1943379756365
AC-108053,0.11517320524945523,4664.6046004757445,537.2374630581461,752.1324482814045
AC-106729,0.2016493573503416,10092.453543602818,2035.136771155686,2849.1914796179603
AC-105282,0.03912116620420692,5906.571434110323,231.07196277085077,323.5007478791911
AC-100995,0.04939085056397143,6134.465200028544,302.9864539844929,424.18103557829016
AC-107580,0.06343544390474759,4409.623012777548,279.7263932681342,391.6169505753879
AC-105252,0.349682599709179,8753.934706089554,3061.098645709803,4285.538103993725
AC-108170,0.05341327319403862,5662.211182071836,302.43723275034336,423.4121258504807
AC-105514,0.2583417401009089,6882.396176242756,1778.0102042343951,2489.2142859281535
AC-108562,0.3774622598119609,8949.618957820177,3378.1433962747706,4729.4007547846795
AC-101497,0.05366076347066598,3296.0173739912443,176.86680870094978,247.6135321813297
AC-105657,0.03861928549003411,7126.548615838297,275.2222155536666,385.3111017751333
AC-104767,0.040671235002183295,4407.944265779208,179.27653711003248,250.9871519540455
AC-100466,0.2592733214347697,12409.100790832954,3217.3487780580876,4504.288289281323
AC-106387,0.04264431222082509,6273.479839025991,267.5282329664759,374.53952615306633
AC-107943,0.09280589262037318,4362.9755629868205,404.9098416038671,566.873778245414
AC-106253,0.04402218105997135,5732.2135166493035,252.3445413043507,353.282357826091
AC-102938,0.1295520858311719,5746.88756450515,744.5212710188656,1042.329779426412
AC-109794,0.6319396877020809,15597.328064507607,9856.570626071838,13799.198876500575
AC-103574,0.36206367426524944,7046.759382409317,2551.3755936582374,3571.9258311215326
AC-106774,0.16594141027799453,8394.091369921844,1392.9273599271737,1950.0983038980435
AC-107483,0.0695057775659303,4016.2946846542886,279.15568499080916,390.81795898713284
AC-108089,0.07094441725146906,8321.61714564884,590.3722789878902,826.5211905830464
AC-106470,0.0458071944746052,4274.665313100411,195.81042531103967,274.13459543545554
AC-105313,0.05224167738016722,5664.264879950775,295.9106984542,414.27497783588
AC-105785,0.03415279318812428,4299.603875294613,146.84348194379464,205.5808747213125
AC-105931,0.18300534908134278,5694.356637534527,1042.0977242456675,1458.9368139439346
AC-106621,0.4613298873462922,9937.104977015266,4584.283519594732,6417.996927432625
AC-105857,0.08697140684394095,6931.753431090383,602.8643477972453,844.0100869161435
AC-106916,0.3638510845447793,10784.346823604026,3923.896287875371,5493.45480302552
AC-103531,0.04980892840537215,5703.41163102268,284.08082159597546,397.7131502343657
AC-101971,0.3820676704755945,8020.341713552099,3064.3132749150877,4290.038584881123
AC-109403,0.040340241211429956,4897.995134125125,197.58630516301778,276.6208272282249
AC-101377,0.11371778738334282,7155.230533576835,813.6769844960932,1139.1477782945306
AC-100968,0.0707519037812572,7788.697036295069,551.0651432933118,771.4912006106366
AC-106149,0.19006156855548692,5448.987069053443,1035.6430293828626,1449.9002411360077
AC-102524,0.15075576880489586,7376.509662287052,1112.0513852348272,1556.8719393287581
AC-105028,0.0918239313864518,4786.260185276769,439.4932268505601,615.2905175907842
AC-103187,0.0501108669987502,5585.392922889205,279.88888189466155,391.8444346525262
AC-109019,0.05194503483266091,3553.8773050199875,184.60628040026631,258.44879256037285
AC-101903,0.05028054535529731,4581.877992951208,230.37932423702185,322.5310539318306
AC-104879,0.04965656794845152,4710.677426351842,233.91607370487696,327.4825031868278
AC-106584,0.09047303244629794,4058.510818443473,367.1857809606875,514.0600933449625
AC-105532,0.116156480251611,6298.454591538816,731.6063163777471,1024.248842928846
AC-108241,0.04724515433096409,5454.028320634879,257.67640973384374,360.7469736273813
AC-101558,0.07366711565302084,6258.904512647052,461.0754425943844,645.5056196321383
AC-109972,0.04238789805496954,4487.456807251657,190.21386167186233,266.2994063406073
AC-109313,0.17200794748271947,4831.643237834439,831.0810363086629,1163.5134508321282
AC-101523,0.0762859920354954,5047.4248012755515,385.04780818986865,539.0669314658162
AC-104601,0.10897585265740004,5124.692714181395,558.4677581350832,781.8548613891165
AC-104567,0.4719829114313229,10565.365332468547,4986.671889954072,6981.340645935701
AC-108366,0.14205069710416293,12021.661944899231,1707.685459623523,2390.7596434729326
AC-108522,0.09190294879132996,6141.583473642211,564.4296314758185,790.201484066146
AC-104392,0.07798618659606939,7900.532063314852,616.1323676979011,862.5853147770617
AC-100317,0.06248902750536466,5999.6596138363,374.9128946318421,524.878052484579
AC-104863,0.09856401990660162,7784.026014717357,767.2248950681064,1074.1148530953492
AC-102055,0.06199097204942967,3725.7763233020237,230.96449592024257,323.3502942883396
AC-101272,0.058681765805107505,4692.665696683998,275.37390941447205,385.5234731802609
AC-106280,0.1340692467902865,8997.228640276064,1206.2516670018056,1688.752333802528
AC-108143,0.6829763762229716,10646.594552449535,7271.372566547213,10179.921593166098
AC-101072,0.20950669700148436,5637.3996220050285,1181.07297448369,1653.502164277166
AC-103439,0.0573237864967453,5318.297124514798,304.86492889194074,426.81090044871706
AC-103892,0.04886821976027964,6269.3405764545105,306.37151304221726,428.9201182591042
AC-107889,0.05018160222663314,5188.440635599367,260.3642641521471,364.50996981300597
AC-109259,0.09285790613692757,5591.714334694549,519.2348848355788,726.9288387698103
AC-109434,0.04256948739619774,7846.022183482855,334.00114245006125,467.6015994300858
AC-104929,0.06773978675702104,4042.537327972236,273.8406165541369,383.3768631757917
AC-108979,0.3882023960224919,8929.892578569845,3466.605695224282,4853.247973313995
AC-105475,0.03259776387516366,3302.8466490449077,107.66541518144143,150.731581254018
AC-104857,0.15758186713910258,9388.115519577237,1479.3967724925672,2071.1554814895944
AC-106592,0.03409986625640052,6448.863597261365,219.90538617238246,307.8675406413355
AC-108090,0.1582371715167806,8107.209141179819,1282.8618433952827,1796.0065807533958
AC-107128,0.08834042521443486,4822.650518042394,426.0349974244796,596.4489963942715
AC-105189,0.1929621781931793,8115.696897282273,1566.0225508552144,2192.4315711973004
AC-105560,0.12877711116311827,5924.268651577631,762.9102027043893,1068.074283786145
AC-105005,0.34627091845000174,7338.752827877038,2541.1966819865293,3557.6753547811413
AC-108063,0.22590043182739472,10046.528463345627,2269.5151182359896,3177.3211655303858
AC-103992,0.08526230347815983,7449.043038727653,635.122568189871,889.1715954658195
AC-105592,0.042490618515293795,5568.264179230758,236.59898903206962,331.2385846448975
AC-102577,0.09844463175564198,4023.814382283606,396.12292511696563,554.5720951637519
AC-106973,0.1435950138513214,6065.9665160510995,871.0425458940094,1219.4595642516133
AC-103409,0.06480632166102311,4709.9781446939005,305.2363586614218,427.3309021259905
AC-106350,0.21432470591178107,5530.26043517342,1185.2714413841015,1659.3800179377422
AC-102304,0.6402179663335393,11181.6240327088,7158.676598527057,10022.147237937881
AC-101236,0.5128124116693518,15004.519584691105,7694.503874165466,10772.305423831654
AC-107055,0.060805069399014595,3734.434063352169,227.0725223881727,317.90153134344183
AC-101625,0.4024746642825513,8421.840488040227,3389.577423065188,4745.408392291264
AC-100932,0.09309941691445331,5253.474595626571,489.0954216277271,684.733590278818
AC-102750,0.061135696178083,7515.363215656985,459.4569622203463,643.239747108485
AC-104761,0.5017003726525037,10717.662353009877,5377.055196468765,7527.877275056271
AC-106153,0.25925173739390855,5760.602555578997,1493.4462209696449,2090.824709357503
AC-109184,0.047293619467729864,4827.9158220283425,228.32961370924065,319.66145919293695
AC-106358,0.04774654275512842,4396.258162950469,209.90612833989692,293.8685796758557
AC-105186,0.07950797447901545,6611.232340544096,525.6456922068215,735.9039690895502
AC-104047,0.1471825401545845,8719.54154378732,1283.364273398045,1796.7099827572633
AC-109340,0.07273449928739663,5124.754483954349,372.74645136126026,521.8450319057644
AC-106669,0.43622535984242744,7853.88869916504,3426.065423955644,4796.491593537902
AC-103214,0.10522311153978013,4127.852735781448,434.3455088369179,608.0837123716851
AC-103650,0.09075952393065266,5721.71457227777,519.3000906470082,727.0201269058116
AC-100198,0.37738734369511695,8378.533416363442,3161.9524700621723,4426.733458087042
AC-102400,0.06222499027633514,6018.7867825213,374.5189490177224,524.3265286248114
AC-107433,0.04928467130094809,7029.278656945902,346.4356880903486,485.0099633264881
AC-108488,0.08949004204276438,5584.8213662896505,499.7858988705896,699.7002584188256
AC-101853,0.16441495612041657,9097.252447933213,1495.7243620432914,2094.014106860608
AC-108947,0.3375947017700858,9604.204533100261,3242.328565090889,4539.259991127245
AC-109423,0.04188938642741886,3773.7652676585753,158.08071158332183,221.3129962166506
AC-102550,0.1909604798607718,11917.87644065982,2275.843404029786,3186.180765641701
AC-104982,0.11370208016177971,7586.559306830362,862.6075744573218,1207.6506042402507
AC-104749,0.03989306958921667,4492.431644293944,179.2168882106174,250.9036434948644
AC-100228,0.09966370772173859,8863.932718080336,883.4123996799145,1236.7773595518804
AC-102009,0.6474427582928083,12188.45533441241,7891.327141040664,11047.857997456931
AC-108006,0.040831742571169435,5667.514648125212,231.4144991305806,323.98029878281284
AC-109077,0.13778273499368254,7915.9533677855015,1090.6817050959387,1526.9543871343144
AC-107282,0.5844356693322535,8753.688275345523,5115.967666327461,7162.354732858446
AC-106978,0.07294514439086379,4082.173918476894,297.77476591191527,416.8846722766814
AC-101564,0.09390166140683177,3745.939417075605,351.74993479273826,492.4499087098336
AC-103532,0.06769527473903991,6910.734846510558,467.82409408318904,654.9537317164647
AC-104473,0.20459444643124824,5804.437190708654,1187.5556138779868,1662.5778594291817
AC-104706,0.2239655350470077,7074.034860869534,1584.3400025558299,2218.076003578162
AC-109605,0.04963885915364299,3922.838959821812,194.72525060901827,272.6153508526256
AC-103401,0.40005365173730906,9007.657503927869,3603.546278045318,5044.964789263446
AC-105596,0.09096690019621002,8976.62313087414,816.5755804452183,1143.2058126233057
AC-100805,0.05799473678288626,7652.622550507966,443.8118305154892,621.3365627216849
AC-103373,0.14642257582632082,6492.903728536554,950.7076885246447,1330.9907639345026
AC-102356,0.19263682294641737,5826.221235401637,1122.3447485707222,1571.2826479990113
AC-109948,0.06397560479176023,5709.003711320141,365.23696519010974,511.3317512661537
AC-100602,0.05659684426785521,6648.084318436141,376.26059285010064,526.7648299901409
AC-103082,0.043000223426695135,6028.838690884311,259.24141071152957,362.9379749961414
AC-105207,0.04759164740109968,5929.085957126792,282.1749682823899,395.04495559534587
AC-107864,0.13346112278420585,6416.170612878998,856.3093339698573,1198.8330675578004
AC-105325,0.05992856057043812,6024.986600446599,361.0687744209421,505.49628418931894
AC-107212,0.11537415076178881,6432.6867898979035,742.165775501048,1039.0320857014672
AC-102402,0.04726061704151634,6865.673211397067,324.4759523760344,454.2663333264482
AC-106189,0.09505789656142688,4961.666435900476,471.64557483613106,660.3038047705835
AC-107802,0.09461563605533772,5509.83679834948,521.3167132369416,729.8433985317183
AC-104324,0.3051284385619953,9096.377522314828,2775.563469954355,3885.788857936097
AC-102694,0.06969246011855457,4551.506439606175,317.2056810215977,444.0879534302368
AC-101805,0.24905206832848875,7116.562540741471,1772.3946201607084,2481.352468224992
AC-104152,0.07932326219564048,5390.978904253125,427.63003311323723,598.6820463585321
AC-103130,0.03383321548429047,3517.8690399574048,119.02082127439292,166.6291497841501
AC-108784,0.11800857419044386,4577.7148985630765,540.209608229781,756.2934515216934
AC-105930,0.0815232722283898,5937.221282057405,484.02170685735535,677.6303896002976
AC-103171,0.06853450730529928,5721.608038404873,392.12758790611787,548.9786230685651
AC-108305,0.18058321472412936,6219.560348750757,1123.1482019481389,1572.4074827273946
AC-107536,0.20614425629651634,5196.233112455538,1071.1736105104792,1499.643054714671
AC-107188,0.0857707365432186,7857.366499751437,673.9321119736921,943.504956763169
AC-106106,0.053118493129744336,4961.766875116536,263.56157966727073,368.98621153417906
AC-101479,0.04228550159149578,5539.40583352344,234.23655418939643,327.931175865155
AC-109816,0.04230119155057444,5053.165996127979,213.75494273905895,299.25691983468255
AC-107940,0.03878381791479992,3827.8610386035616,148.45906552435744,207.84269173410044
AC-107906,0.267919704360347,7084.505565078964,1898.0786365351892,2657.310091149265
AC-103938,0.09827664576458739,7798.111166663826,766.3722087590942,1072.921092262732
AC-101181,0.22758009423163958,7648.700054225282,1740.6918790901364,2436.9686307261913
AC-103605,0.03766595194707935,6888.457794164791,259.46032026449524,363.24444837029336
AC-108322,0.07646491251039994,4362.585137475529,333.58469085623744,467.01856719873246
AC-107934,0.11544021168461026,5837.012776818129,673.8259905616595,943.3563867863235
AC-105790,0.11801935841384115,5904.60728071808,696.857962956043,975.6011481384603
AC-100503,0.08632402059089399,5855.785922704589,505.4949845674181,707.6929783943854
AC-108431,0.11636848158871604,5864.205059467786,682.4086384951325,955.3720938931857
AC-105856,0.19015628620075506,6226.796537248793,1184.0645044509522,1657.6903062313331
AC-109031,0.12764343801244124,5298.72800376648,676.3478594935532,946.8870032909746
AC-107132,0.18616209196490088,6193.90706450922,1153.0706965652146,1614.2989751913005
AC-108757,0.06792891791448748,5104.779801472382,346.76216810575113,485.46703534805164
AC-101956,0.13945950470487178,7045.200043918723,982.5201086716461,1375.5281521403047
AC-101727,0.11298530014550724,6355.933598840783,718.1270653699398,1005.3778915179158
AC-105081,0.08236224846624421,5016.085652303305,413.1360928229675,578.3905299521546
AC-105896,0.08859638604895982,9130.675718111708,808.9448708096884,1132.5228191335639
AC-107862,0.18436112249667744,10839.422674710548,1998.3681315255742,2797.715384135804
AC-107951,0.46190180286396876,9701.907202840986,4481.328428211176,6273.859799495647
AC-101981,0.10570869692248129,10737.09742657634,1135.0045776931122,1589.0064087703572
AC-103838,0.057823856569629566,4297.448929443393,248.49507051144292,347.8930987160201
AC-108148,0.11895315628553262,5425.973144144474,645.4366314165204,903.6112839831287
AC-109960,0.12381656983646704,5699.652973285315,705.7114804104082,987.9960725745715
AC-103192,0.05103568747001124,7105.527495455195,362.63548056762306,507.68967279467233
AC-102442,0.046125007326864725,4467.764849286756,206.07568640806028,288.5059609712844
AC-108448,0.500114619923616,11039.018518156281,5520.774550537488,7729.084370752484
AC-102926,0.44680564051538424,11128.569625713291,4972.307679636877,6961.230751491628
AC-107378,0.16585608693395218,5639.725497114131,935.382802332988,1309.5359232661833
AC-104934,0.046164893602732064,5438.003162090697,251.04483738923753,351.46277234493255
AC-103060,0.053217056613228245,6478.797773233557,344.78254788382725,482.6955670373582
AC-101093,0.10189090374632956,5751.967202171427,586.0731365484934,820.5023911678908
AC-109674,0.1508757943528458,5622.590438808595,848.3127987759625,1187.6379182863477
AC-100147,0.0659200541306192,7277.473542643112,479.731449865183,671.6240298112563
AC-102617,0.6088081795224545,8460.907681255469,5151.069802532694,7211.497723545772
AC-105249,0.0812609863238421,7111.358185045863,577.8759802189545,809.0263723065364
AC-102710,0.039169020184391966,5392.310620427917,211.21152353205224,295.69613294487317
AC-108433,0.054970085132919275,4758.0733993037165,261.5516998284039,366.17237975976553
AC-106900,0.18323220693434744,10849.60036002782,1987.996218323588,2783.1947056530234
AC-109327,0.1227704252782116,6623.943062272394,813.224306773841,1138.5140294833775
AC-106214,0.05449979761923018,5430.965843173327,295.9865393298981,414.3811550618574
AC-109626,0.09704817192291845,4142.290932654362,402.0017625869868,562.8024676217816
AC-106089,0.0842768545283285,3130.546469099859,263.8326093705013,369.36565311870186
AC-109636,0.031363499049627756,4750.921148408896,149.00551092297883,208.60771529217038
AC-107663,0.06195385946604216,6992.95587501242,433.24060553275336,606.5368477458547
AC-102557,0.11410938600499725,5254.036656468694,599.5348969173913,839.3488556843479
AC-103275,0.05040553150405775,3944.3251475607644,198.81580548762133,278.3421276826699
AC-107732,0.14209702064078777,5092.046801726468,723.5646794887833,1012.9905512842968
AC-106901,0.10659194569656857,4601.110384672708,490.44130826695107,686.6178315737316
AC-100498,0.19653782023983088,6919.957589413569,1360.0333807754173,1904.0467330855845
AC-109287,0.1293029769111954,4339.535591740553,561.1148704241394,785.5608185937953
AC-107996,0.3182675259566397,8136.005923474481,2589.426476432789,3625.197067005905
AC-103706,0.05251781281325134,6646.644339295342,349.0672232473694,488.69411254631717
AC-100435,0.6841592828584439,12413.383945888674,8492.731858265715,11889.824601572003
AC-103705,0.03724791669424766,4724.102953566428,175.96299326949165,246.34819057728834
AC-103742,0.047550456211548145,4532.41579986492,215.51843902400583,301.7258146336082
AC-109837,0.2277268613793948,6631.1340795095975,1510.0873513126628,2114.122291837728
AC-103616,0.0842135944780015,5730.982542864325,482.62663982528215,675.6772957553951
AC-100607,0.10863022756884634,8300.971600319257,901.7364339852115,1262.4310075792962
AC-106714,0.07881608585512959,4225.182741126846,333.01236567826527,466.2173119495714
AC-102186,0.2297749761861874,9730.346342825462,2235.790099206076,3130.1061388885064
AC-109751,0.09295556135392834,7414.556667570203,689.2242772245004,964.9139881143007
AC-102169,0.3680181577474012,7927.721871811597,2917.545598397883,4084.5638377570367
AC-107973,0.47190112889400554,8482.515765877197,4002.908765778649,5604.072272090109
AC-101808,0.04207831453597519,3223.210990246786,135.62728586341632,189.87820020878286
AC-103483,0.23986598030765943,6507.14745604762,1560.8433035513547,2185.1806249718966
AC-103949,0.049156923972434,5384.75666699241,264.698074089403,370.57730372516426
AC-101108,0.22156791311421922,5880.625962611904,1302.958022341216,1824.1412312777027
AC-101267,0.03716476052246515,5050.528380330861,187.70167776691025,262.7823488736744
AC-104988,0.37069943340088435,6152.630111141125,2280.776496125235,3193.0870945753295
AC-103980,0.11464380718988589,6079.006218204788,696.9204167859871,975.688583500382
AC-102001,0.059623569912215596,4608.939080548338,274.8014014902165,384.72196208630317
AC-108879,0.03477063227052022,3572.466932050434,124.21693399291918,173.90370759008687
AC-107643,0.07969103378319418,6249.787082943177,498.0519935645953,697.2727909904335
AC-108599,0.040892033277854935,4599.111512591947,188.06702102147563,263.2938294300659
AC-109352,0.15572486818292045,9332.408065633705,1453.2880158500323,2034.6032221900452
AC-103820,0.05849511607703841,5515.991602708182,322.6585690803842,451.72199671253793
AC-109490,0.10740434556398043,6256.968770146503,672.0256359718486,940.8358903605881
AC-103158,0.07707753773273926,5765.7359168226885,444.4087276859108,622.1722187602752
AC-105067,0.03849231370636692,4400.976444841386,169.40376592916604,237.16527230083247
AC-105575,0.19847784182661696,5151.8148049841075,1022.5210839836592,1431.529517577123
AC-105051,0.06350402381734165,6085.224652434903,386.4362512621006,541.0107517669409
AC-104075,0.08328034979509213,9039.868651035704,752.8434233599411,1053.9807927039176
AC-104910,0.11889654010194689,5070.355917752364,602.8477757061877,843.9868859886628
AC-107611,0.03842516685954994,4377.170583431738,168.1935100410781,235.47091405750936
AC-109449,0.5742067364430568,8322.454551686993,4778.809467319851,6690.333254247792
AC-103224,0.1693442603822019,9749.594631845399,1651.0378919561451,2311.4530487386032
AC-108278,0.09181076718581099,7346.78544741975,674.514008277159,944.3196115880227
AC-107463,0.03783130315565648,3735.8780337672156,141.33313444800538,197.86638822720755
AC-103784,0.04315146597197499,4392.406135746091,189.53876390174162,265.3542694624383
AC-106663,0.2033255972391947,6135.458775087723,1247.495819781169,1746.494147693637
AC-106175,0.2029609302222837,7736.931614746715,1570.294837595189,2198.412772633265
AC-109132,0.1105399368826315,6050.280803252059,668.7976581136796,936.3167213591515
AC-105579,0.5169033666765055,8997.57042453045,4650.874444348744,6511.224222088242
AC-102321,0.07928911953821557,5641.03273712914,447.2725190132197,626.1815266185076
AC-109528,0.03972636093912151,6196.182624468286,246.15178738434034,344.6125023380765
AC-104440,0.3711194181478805,13260.461227101763,4921.214654974536,6889.700516964351
AC-103055,0.0675441250753091,4333.850276498713,292.726125133492,409.8165751868889
AC-107062,0.1186432534074247,5480.722813248779,650.2507855881285,910.35109982338
AC-109864,0.037703418129090824,4582.553244661189,172.77792108228263,241.8890895151957
AC-102522,0.027066303402629367,4174.7482390184505,112.99500246686604,158.19300345361248
AC-109200,0.32920674096115804,11049.867071746012,3637.690726743519,5092.767017440927
AC-105226,0.4514738274331787,9078.11479858256,4098.531233993848,5737.943727591388
AC-106208,0.4479348851205375,9322.297895231946,4175.78243676015,5846.09541146421
AC-106145,0.21133022423237335,10210.756627601875,2157.8414876932966,3020.9780827706154
AC-104924,0.16419465288709706,7266.215252484873,1193.073691184684,1670.3031676585579
AC-101924,0.10477523860771613,5957.841190302642,624.2342323008388,873.9279252211744
AC-108556,0.24233044539758908,8273.885438039717,2005.014343368791,2807.020080716308
AC-103455,0.08292061404742228,4316.413478788974,357.91965614375187,501.08751860125267
AC-107716,0.14086372684857942,5520.750019056885,777.6734226837187,1088.7427917572063
AC-104462,0.4747460899307384,14489.098555478855,6878.642885834696,9630.100040168576
AC-106124,0.17878734039739477,6485.350154726374,1159.498505709361,1623.2979079931056
AC-107270,0.053539209246546295,4310.510845578454,230.78134212093204,323.0938789693049
AC-106102,0.4015468763371569,7620.878441009418,3060.1399329325136,4284.1959061055195
AC-100048,0.08514120561302069,8829.464431587077,751.7512466226082,1052.4517452716516
AC-100532,0.07154155156491719,7674.08851270824,549.0161990456552,768.6226786639173
AC-109985,0.050214744154872856,5497.2319690103595,276.04209688384316,386.4589356373805
AC-107423,0.11500114519382894,6877.186629958348,790.8843381568992,1107.238073419659
AC-103719,0.0937816630003795,6528.388065161897,612.2430894627126,857.1403252477978
AC-103005,0.044555833170020515,5669.712753085649,252.61877554842187,353.66628576779067
AC-106179,0.5519249940183353,16973.305555161063,9367.991567003646,13115.188193805106
AC-104150,0.19402495223201388,10497.038144633894,2036.6873245902189,2851.3622544263067
AC-103412,0.09023401929049596,3730.2861993747983,336.5987168734564,471.238203622839
AC-103377,0.11273960709113291,4981.924448772533,561.6602049123243,786.324286877254
AC-107017,0.22612811259750365,8583.84743533422,1941.0492193770497,2717.46890712787
AC-105188,0.5146043523222059,11706.47252350712,6024.201710937081,8433.882395311914
AC-108287,0.05649747684286327,6424.027586710326,362.9413498180815,508.11788974531413
AC-100862,0.15163220788569087,5639.23632313131,855.0898544655859,1197.1257962518202
